Workbook

Sheet Log
A1: Datum | B1: Beschrijving | C1: Wie
A2: 44434 | B2: Alle artikelgroepen met basis aangepast om het pakket Overall basis op te nemen ipv pakket nutriënten en pakket veldmetingen | C2: JvT
A3: 44466 | B3: Hybi frequenties op maanden gezet. Opletten dat de periode correct wordt gehanteerd. | C3: JvT
A4: 44798 | B4: pcd_ow geupdate | C4: JvT
A5: 44796 | B5: lablijst Dawaco toegevoegd. | C5: JvT
A6: 44798 | B6: tabblad artikelen-componenten moet worden vervangen door pdc_ow | C6: JvT
A7: 44799 | B7: De tabbladen met meetnetcodes, artikelgroepcodes en frequentiecodes gebruiken om velden op de andere bladen automatisch te vullen. De tabbladen meetnetten, artikelgroepen, artikelen en frequenties zijn voldoende om de meetvraag op te stellen. Het tabblad pdc_ow is nodig voor een controle met Dawaco en controle op dubbellingen. | C7: JvT
A8: 44799 | B8: artikelen aangepast en toegevoegd obv van nieuwe pdc en gewijzigde testen | C8: JvT
A9: 44799 | B9: pakket cfcz vervangen voor pakket negatief | C9: JvT
A10: 44809 | B10: feofytine-a en gloeirest zijn verwijderd uit alle artikelgroepen met zwevende bestanddelen | C10: JvT
A11: 44813 | B11: fosfor totaal na filtratie verwijderd uit artikelgroep defos ivm sterke overlap met ortho-fosfaat | C11: JvT
A12: 44813 | B12: Samenstelling GBM C en D zijn veranderd in 2023 | C12: JvT
A13: 44813 | B13: Locatiebezoek met boot verwijderd uit artikelgroep basis_diep. Locatiebezoek is niet nodig als ook aan de oppervlakte wordt gemeten | C13: JvT
... A23: 46044 | B23: CZV vervangen door TOC (pakket defos) | C23: JvT

Sheet Stappen
B1: Stappen die nodig zijn om een meetvraag te formuleren
A3: Stap | B3: Actie
A4: 0 | B4: Controle of alle koppelingen kloppen en aanwezig zijn (artikelgroepen, frequentiecodes etc.)
A5: 1 | B5: Wegfilteren van lege regels uit de verschillende tabellen
A6: 2 | B6: Wegfilteren van regels die niet meer actief zijn (datum_eind) uit meetnetten.
A7: 3 | B7: Selecteren van de juiste regels roulerende meetnetten obv meetjaarcode (NB meetjaarcode is het resultaat van REST([meetjaar];3)
A8: 4 | B8: Koppelen van artikelgroepen, artikelen en frequenties aan de meetnetten dmv left join. (Dit leidt tot ca. 24000 regels)
A9: 5

Sheet meetnetcodes
A1: meetnet_code | B1: meetnet_nr | C1: meetnet_omschrijving | D1: Afgesloten | E1: 2026 | F1: 2025 | G1: 2024 | H1: 2023 | I1: 2022 | J1: Beschrijving aanwezig | K1: VP (dd 27-9-2024)
A2: basis | B2: 1 | C2: Basis meetnet | J2: Ja | K2: 74820
A3: roulerend | B3: 2 | C3: Roulerend meetnet | J3: Ja | K3: 76259
A4: zwemwater | B4: 3 | C4: Zwemwatermeetnet | E4: Checken wat de laatste meetmomenten zijn voor Esch en ZWPlasje | J4: Ja | K4: 17752
A5: krw_chemie | B5: 4 | C5: KRW chemie | E5: Input Anne | F5: Checken met Anne voor eventuele aanpassingen | K5: 1046
A6: gbm | B6: 5 | C6: Bestrijdingsmiddelenmeetnet | E6: Vervangende locatie voor S_0609 | H6: Externe GBM glaspakket later toevoegen | K6: 40000
A7: basis_bio | B7: 6 | C7: Basismetingen biologie | K7: 14469
A8: waterparel | B8: 7 | C8: Meetnet waterparels | I8: dubbelling door verschillende Aquonpakketten (nutriënten en macro-ionen) - opgelost in code | K8: 5551
A9: krw_oc | B9: 8 | C9: KRW ondersteunende chemie | H9: alleen K_0108 | I9: alleen K_0110 | K9: 1169
A10: mnlso | B10: 90 | C10: Meetnet Nutriënten Landbouw Specifiek Oppervlaktewater | E10: Afwachten loc K_1408 | K10: 5845
A11: lmgbm | B11: 91 | C11: Landelijk Meetnet GewasBeschermingsMiddelen | E11: Vervangende locatie voor S_0609 | H11: Externe GBM glaspakket later toevoegen
A12: radio | B12: 92 | C12: Landelijk meetnet voor radioactiviteit | E12: NVT | F12: NVT | H12: weggefilterd in code | I12: weggefilterd in code
A13: krw_bio | B13: 101 | C13: KRW biologie | E13: Anne | K13: 29321
A14: quickscan | B14: 102 | C14: Quickscan vegetatie | E14: Anne | K14: 22562
A15: vegvlk | B15: 103 | C15: Vlakdekkende vegetatieopnamen | E15: Anne | K15: 21090
A16: kreeften | B16: 104 | C16: Kreeftenmonitoring | E16: niet bij Aquon | F16: niet bij Aquon | I16: Check Anne?
A17: vis_overig | B17: 105 | C17: Visstandsonderzoek buiten KRW | E17: niet bij Aquon | F17: niet bij Aquon
A18: ijking_egv | B18: 1003 | C18: IJking continumeters EGV | D18: TRUE | I18: Niet voortzetten. Onderhoud en ijking meters dient op een betere manier plaats te vinden.
A19: kriho | B19: 1001 | C19: Zwemplas Krimpenerhout | E19: Zoop stoppen als effecten peilfluctuatie duidelijk zijn | F19: Metingen op K_0111 en K_1112 in 2025 nog doorzetten, daarna stoppen | I19: Fluoroprobe toegevoegd op K_1111 | K19: 6891
A20: bl_zoom | B20: 1002 | C20: Maatregelen Bleiswijkse Zoom | E20: Nog even doormeten ivm ruimtelijke verschillen en afspoeling m.n. bij s_0124 | K20: 5382
A21: vegvlk_krh | B21: 1004 | C21: Vlakdekkende vegetatieopnamen Krimpenerhout | K21: 570
A22: vegvlk_blz | B22: 1005 | C22: Vlakdekkende vegetatieopnamen Bleiswijkse Zoom | K22: 1200
A23: project_kp | B23: 1006 | C23: Project Kralingse Plas | E23: grotendeels gestopt | F23: Na 2025 hopelijk stoppen | K23: 4623
A24: defos_kp | B24: 1007 | C24: Defosfatering Kralingse Plas | I24: Rekening houden met eventuele (tijdelijke) verplaatsing van de defos; overlap tussen pakket defos en basis_pakketten (weggefilterd in code) | K24: 3053
A25: zhp_diep | B25: 1008 | C25: Diepe metingen Zevenhuizerplas | K25: 1080
A26: ebpark | B26: 1011 | C26: Essenburgpark | D26: TRUE | H26: stopt | I26: Fluoroprobe toegevoegd
A27: a13a16 | B27: 1012 | C27: Aanleg verbinding A13-A16 | D27: TRUE | I27: kerkhof
A28: balg_kriwa | B28: 1013 | C28: Blauwalg Krimpenerwaard | D28: TRUE | I28: Fluoroprobe is opgenomen in de basis en roulerende meetnetten
A29: pfas | B29: 1014 | C29: Screening PFAS | D29: TRUE | I29: kerkhof
A30: ontw_zpp | B30: 1015 | C30: Woningbouw Zuidplaspolder | D30: TRUE | H30: stopt
A31: w_gouwe | B31: 1016 | C31: Woningbouw Westergouwe | D31: TRUE | I31: roulerend meetpunt geworden
A32: scr_gbm | B32: 1017 | C32: Screening Gewasbeschermingsmiddelen | D32: TRUE | I32: kerkhof
A33: peil_nesse | B33: 1018 | C33: Aangepaste peilbeheer polder de Nesse | D33: TRUE | I33: kerkhof
A34: blz_plankt | B34: 1019 | C34: Fytoplankton en zooplankton Bleiswijkse Zoom | D34: TRUE | I34: bestaat niet meer
A35: edp | B35: 1009 | C35: Eendragtspolder | D35: TRUE | F35: Na 2025 alleen nog in roulerend meetnet | I35: Fluoroprobe toegevoegd | K35: 1541
A36: leuvehaven | B36: 1020 | C36: Inlaat Leuvehaven | D36: TRUE
A37: kr_proef | B37: 1021 | C37: Onderzoek effectiviteit wegvangen kreeften | D37: TRUE | I37: Opzetten van vegetatie onderzoek?
A38: plassen_fl | B38: 1022 | C38: Fluoroprobe in plassen | D38: TRUE | I38: Fluoroprobe is opgenomen in de basis en roulerende meetnetten
A39: edp_defos | B39: 1010 | C39: Defosfatering Eendragtspolder | E39: Locatie na defos toegevoegd | H39: Nog een plan toevoegen om de werking van de defosfatering te evalueren | I39: Nog een plan toevoegen om de werking van de defosfatering te evalueren | K39: 846
A40: schollebos | B40: 1024 | C40: Herinrichting Schollebos | D40: TRUE
A41: ph_lock_kp | B41: 1025 | C41: Toepassing Phoslock Kralingse Plas | D41: TRUE
A42: plas_poot | B42: 1023 | C42: Onderzoek Plas van Poot | D42: TRUE | I42: Wachten op meetpuntinfo
A43: vegvlk_bwp | B43: 1026 | C43: Vlakdekkende vegetatieopnamen Berkenwoudse polder | E43: Anne vragen | K43: 2370
A44: oversch_pl | B44: 1027 | C44: Overschiese Plasjes | D44: TRUE | E44: Vragen Marit/Tim | K44: 3334
A45: gbm_glas | B45: 1028 | C45: Representativiteit metingen glastuinbouw | D45: TRUE
A46: pfas_2023 | B46: 1029 | C46: Screening PFAS 2023 | D46: TRUE
A47: nnn | B47: 1030 | C47: Natuurontwikkeling Krimpenerwaard NNN | E47: Vraag gemail aan Wim | K47: 3507
A48: filter | B48: 1031 | C48: Filterbakken De Esch | D48: TRUE | F48: Niet meer nodig
A49: glasparel | B49: 1032 | C49: Glasparel + Gebiedsontwikkeling met nieuwe kassen | E49: In 2026 evalueren en mogelijk stoppen | F49: Bouw start ws in 2025 | K49: 3695
A50: blijdorp | B50: 1033 | C50: Onderzoek in en rond Diergaarde Blijdorp | D50: TRUE | E50: Project gestopt - weinig bijzonderheden | K50: 5001
A51: rtha | B51: 1034 | C51: PFAS onderzoek Rotterdam The Hague Airport | K51: 1716
A52: kr_zwem | B52: 1035 | C52: Kralings Zwembad | E52: extra meetmoment in maart | K52: 783
A53: prinsland | B53: 1036 | C53: Vierkante vijver Prinsenland | D53: TRUE | E53: naar roulerend | K53: 1667
A54: gbm_akker | B54: 1037 | C54: Bestrijdingsmiddelen akkerbouw
A55: zhp_ww | B55: 1038 | C55: Blauwalg waterwijk Zevenhuizerplas
A56: pilot_rozen | B56: 1039 | C56: Pilot LimnoPlus Park Rozenburg | E56: Niet vergeten wekelijkse metingen rondom toepassing
A57: lithium | B57: 1040 | C57: Extra lithiummetingen voor eerste indicatie
A58: oostflank | B58: 1041 | C58: Oostflank - vaststellen huidige waterkwaliteit
A59: bleizo | B59: 1042 | C59: Bleizo - vaststellen huidige waterkwaliteit

Sheet meetnetten
A1: meetnet_nr | B1: meetnet_omschrijving | C1: meetnet_code | D1: meetpunt_code | E1: artikelgroep_code | F1: frequentie_code | G1: roulerend | H1: meetjaar_code | I1: meetjaar | J1: actief | K1: datum_begin | L1: datum_eind | M1: aquon | N1: opmerkingen | O1: Opletten bij meetvraag
A2: =IFERROR(VLOOKUP($C2,meetnetcodes!$A:$C,2,FALSE),"") -> 1 | B2: =IFERROR(VLOOKUP(C2,meetnetcodes!$A:$C,3,FALSE),"") -> Basis meetnet | C2: basis | D2: K_0222 | E2: basis | F2: 12_m | G2: FALSE | I2: =IF(H2="","",YEAR(TODAY()) - MOD(YEAR(TODAY()),3) + H2 + 3) | J2: TRUE
A3: =IFERROR(VLOOKUP($C3,meetnetcodes!$A:$C,2,FALSE),"") -> 1 | B3: =IFERROR(VLOOKUP(C3,meetnetcodes!$A:$C,3,FALSE),"") -> Basis meetnet | C3: basis | D3: K_0222 | E3: coord | F3: 1_jan | G3: FALSE | J3: TRUE | K3: 44562
A4: =IFERROR(VLOOKUP($C4,meetnetcodes!$A:$C,2,FALSE),"") -> 1 | B4: =IFERROR(VLOOKUP(C4,meetnetcodes!$A:$C,3,FALSE),"") -> Basis meetnet | C4: basis | D4: K_0222 | E4: diepte_foto | F4: 1_mei | G4: FALSE | I4: =IF(H4="","",YEAR(TODAY()) - MOD(YEAR(TODAY()),3) + H4 + 3) | J4: TRUE
A5: =IFERROR(VLOOKUP($C5,meetnetcodes!$A:$C,2,FALSE),"") -> 1 | B5: =IFERROR(VLOOKUP(C5,meetnetcodes!$A:$C,3,FALSE),"") -> Basis meetnet | C5: basis | D5: K_0222 | E5: fluoroprobe | F5: 6_m_zomer | G5: FALSE | I5: =IF(H5="","",YEAR(TODAY()) - MOD(YEAR(TODAY()),3) + H5 + 3) | J5: TRUE | K5: 44562
A6: =IFERROR(VLOOKUP($C6,meetnetcodes!$A:$C,2,FALSE),"") -> 1 | B6: =IFERROR(VLOOKUP(C6,meetnetcodes!$A:$C,3,FALSE),"") -> Basis meetnet | C6: basis | D6: K_0301 | E6: basis | F6: 12_m | G6: FALSE | I6: =IF(H6="","",YEAR(TODAY()) - MOD(YEAR(TODAY()),3) + H6 + 3) | J6: TRUE
A7: =IFERROR(VLOOKUP($C7,meetnetcodes!$A:$C,2,FALSE),"") -> 1 | B7: =IFERROR(VLOOKUP(C7,meetnetcodes!$A:$C,3,FALSE),"") -> Basis meetnet | C7: basis | D7: K_0301 | E7: coord | F7: 1_jan | G7: FALSE | J7: TRUE | K7: 44562
A8: =IFERROR(VLOOKUP($C8,meetnetcodes!$A:$C,2,FALSE),"") -> 1 | B8: =IFERROR(VLOOKUP(C8,meetnetcodes!$A:$C,3,FALSE),"") -> Basis meetnet | C8: basis | D8: K_0301 | E8: diepte_foto | F8: 1_mei | G8: FALSE | I8: =IF(H8="","",YEAR(TODAY()) - MOD(YEAR(TODAY()),3) + H8 + 3) | J8: TRUE
A9: =IFERROR(VLOOKUP($C9,meetnetcodes!$A:$C,2,FALSE),"") -> 1 | B9: =IFERROR(VLOOKUP(C9,meetnetcodes!$A:$C,3,FALSE),"") -> Basis meetnet | C9: basis | D9: K_0301 | E9: fluoroprobe | F9: 6_m_zomer | G9: FALSE | I9: =IF(H9="","",YEAR(TODAY()) - MOD(YEAR(TODAY()),3) + H9 + 3) | J9: TRUE | K9: 44562
A10: =IFERROR(VLOOKUP($C10,meetnetcodes!$A:$C,2,FALSE),"") -> 1 | B10: =IFERROR(VLOOKUP(C10,meetnetcodes!$A:$C,3,FALSE),"") -> Basis meetnet | C10: basis | D10: K_0427 | E10: basis | F10: 12_m | G10: FALSE | I10: =IF(H10="","",YEAR(TODAY()) - MOD(YEAR(TODAY()),3) + H10 + 3) | J10: TRUE
A11: =IFERROR(VLOOKUP($C11,meetnetcodes!$A:$C,2,FALSE),"") -> 1 | B11: =IFERROR(VLOOKUP(C11,meetnetcodes!$A:$C,3,FALSE),"") -> Basis meetnet | C11: basis | D11: K_0427 | E11: coord | F11: 1_jan | G11: FALSE | J11: TRUE | K11: 44562
A12: =IFERROR(VLOOKUP($C12,meetnetcodes!$A:$C,2,FALSE),"") -> 1 | B12: =IFERROR(VLOOKUP(C12,meetnetcodes!$A:$C,3,FALSE),"") -> Basis meetnet | C12: basis | D12: K_0427 | E12: diepte_foto | F12: 1_mei | G12: FALSE | I12: =IF(H12="","",YEAR(TODAY()) - MOD(YEAR(TODAY()),3) + H12 + 3) | J12: TRUE
A13: =IFERROR(VLOOKUP($C13,meetnetcodes!$A:$C,2,FALSE),"") -> 1 | B13: =IFERROR(VLOOKUP(C13,meetnetcodes!$A:$C,3,FALSE),"") -> Basis meetnet | C13: basis | D13: K_0427 | E13: fluoroprobe | F13: 6_m_zomer | G13: FALSE | I13: =IF(H13="","",YEAR(TODAY()) - MOD(YEAR(TODAY()),3) + H13 + 3) | J13: TRUE | K13: 44562
A14: =IFERROR(VLOOKUP($C14,meetnetcodes!$A:$C,2,FALSE),"") -> 1 | B14: =IFERROR(VLOOKUP(C14,meetnetcodes!$A:$C,3,FALSE),"") -> Basis meetnet | C14: basis | D14: K_0801 | E14: basis | F14: 12_m | G14: FALSE | I14: =IF(H14="","",YEAR(TODAY()) - MOD(YEAR(TODAY()),3) + H14 + 3) | J14: TRUE
A15: =IFERROR(VLOOKUP($C15,meetnetcodes!$A:$C,2,FALSE),"") -> 1 | B15: =IFERROR(VLOOKUP(C15,meetnetcodes!$A:$C,3,FALSE),"") -> Basis meetnet | C15: basis | D15: K_0801 | E15: coord | F15: 1_jan | G15: FALSE | J15: TRUE | K15: 44562
A16: =IFERROR(VLOOKUP($C16,meetnetcodes!$A:$C,2,FALSE),"") -> 1 | B16: =IFERROR(VLOOKUP(C16,meetnetcodes!$A:$C,3,FALSE),"") -> Basis meetnet | C16: basis | D16: K_0801 | E16: diepte_foto | F16: 1_mei | G16: FALSE | I16: =IF(H16="","",YEAR(TODAY()) - MOD(YEAR(TODAY()),3) + H16 + 3) | J16: TRUE
A17: =IFERROR(VLOOKUP($C17,meetnetcodes!$A:$C,2,FALSE),"") -> 1 | B17: =IFERROR(VLOOKUP(C17,meetnetcodes!$A:$C,3,FALSE),"") -> Basis meetnet | C17: basis | D17: K_0801 | E17: fluoroprobe | F17: 6_m_zomer | G17: FALSE | I17: =IF(H17="","",YEAR(TODAY()) - MOD(YEAR(TODAY()),3) + H17 + 3) | J17: TRUE | K17: 44562
A18: =IFERROR(VLOOKUP($C18,meetnetcodes!$A:$C,2,FALSE),"") -> 1 | B18: =IFERROR(VLOOKUP(C18,meetnetcodes!$A:$C,3,FALSE),"") -> Basis meetnet | C18: basis | D18: K_0803 | E18: basis | F18: 12_m | G18: FALSE | I18: =IF(H18="","",YEAR(TODAY()) - MOD(YEAR(TODAY()),3) + H18 + 3) | J18: FALSE | L18: 45291 | N18: verplaatst naar roulerend meetnet ivm beperkt belang
A19: =IFERROR(VLOOKUP($C19,meetnetcodes!$A:$C,2,FALSE),"") -> 1 | B19: =IFERROR(VLOOKUP(C19,meetnetcodes!$A:$C,3,FALSE),"") -> Basis meetnet | C19: basis | D19: K_0803 | E19: coord | F19: 1_jan | G19: FALSE | J19: FALSE | K19: 44562 | L19: 45291 | N19: verplaatst naar roulerend meetnet ivm beperkt belang
A20: =IFERROR(VLOOKUP($C20,meetnetcodes!$A:$C,2,FALSE),"") -> 1 | B20: =IFERROR(VLOOKUP(C20,meetnetcodes!$A:$C,3,FALSE),"") -> Basis meetnet | C20: basis | D20: K_0803 | E20: diepte_foto | F20: 1_mei | G20: FALSE | I20: =IF(H20="","",YEAR(TODAY()) - MOD(YEAR(TODAY()),3) + H20 + 3) | J20: FALSE | L20: 45291 | N20: verplaatst naar roulerend meetnet ivm beperkt belang
A21: =IFERROR(VLOOKUP($C21,meetnetcodes!$A:$C,2,FALSE),"") -> 1 | B21: =IFERROR(VLOOKUP(C21,meetnetcodes!$A:$C,3,FALSE),"") -> Basis meetnet | C21: basis | D21: K_0803 | E21: fluoroprobe | F21: 6_m_zomer | G21: FALSE | I21: =IF(H21="","",YEAR(TODAY()) - MOD(YEAR(TODAY()),3) + H21 + 3) | J21: FALSE | K21: 44562 | L21: 45291 | N21: verplaatst naar roulerend meetnet ivm beperkt belang
A22: =IFERROR(VLOOKUP($C22,meetnetcodes!$A:$C,2,FALSE),"") -> 1 | B22: =IFERROR(VLOOKUP(C22,meetnetcodes!$A:$C,3,FALSE),"") -> Basis meetnet | C22: basis | D22: K_1035 | E22: basis | F22: 12_m | G22: FALSE | I22: =IF(H22="","",YEAR(TODAY()) - MOD(YEAR(TODAY()),3) + H22 + 3) | J22: TRUE
A23: =IFERROR(VLOOKUP($C23,meetnetcodes!$A:$C,2,FALSE),"") -> 1 | B23: =IFERROR(VLOOKUP(C23,meetnetcodes!$A:$C,3,FALSE),"") -> Basis meetnet | C23: basis | D23: K_1035 | E23: coord | F23: 1_jan | G23: FALSE | J23: TRUE | K23: 44562
A24: =IFERROR(VLOOKUP($C24,meetnetcodes!$A:$C,2,FALSE),"") -> 1 | B24: =IFERROR(VLOOKUP(C24,meetnetcodes!$A:$C,3,FALSE),"") -> Basis meetnet | C24: basis | D24: K_1035 | E24: diepte_foto | F24: 1_mei | G24: FALSE | I24: =IF(H24="","",YEAR(TODAY()) - MOD(YEAR(TODAY()),3) + H24 + 3) | J24: TRUE
A25: =IFERROR(VLOOKUP($C25,meetnetcodes!$A:$C,2,FALSE),"") -> 1 | B25: =IFERROR(VLOOKUP(C25,meetnetcodes!$A:$C,3,FALSE),"") -> Basis meetnet | C25: basis | D25: K_1035 | E25: fluoroprobe | F25: 6_m_zomer | G25: FALSE | I25: =IF(H25="","",YEAR(TODAY()) - MOD(YEAR(TODAY()),3) + H25 + 3) | J25: TRUE | K25: 44562
A26: =IFERROR(VLOOKUP($C26,meetnetcodes!$A:$C,2,FALSE),"") -> 1 | B26: =IFERROR(VLOOKUP(C26,meetnetcodes!$A:$C,3,FALSE),"") -> Basis meetnet | C26: basis | D26: RWS_0108 | E26: basis_zwevend | F26: 12_m | G26: FALSE | I26: =IF(H26="","",YEAR(TODAY()) - MOD(YEAR(TODAY()),3) + H26 + 3) | J26: TRUE | K26: 43922 | N26: o.a. toegevoegd ivm doorvoer Krimpenerwaard
A27: =IFERROR(VLOOKUP($C27,meetnetcodes!$A:$C,2,FALSE),"") -> 1 | B27: =IFERROR(VLOOKUP(C27,meetnetcodes!$A:$C,3,FALSE),"") -> Basis meetnet | C27: basis | D27: RWS_0108 | E27: coord | F27: 1_jan | G27: FALSE | J27: TRUE | K27: 44562
A28: =IFERROR(VLOOKUP($C28,meetnetcodes!$A:$C,2,FALSE),"") -> 1 | B28: =IFERROR(VLOOKUP(C28,meetnetcodes!$A:$C,3,FALSE),"") -> Basis meetnet | C28: basis | D28: RWS_0108 | E28: diepte_foto | F28: 1_mei | G28: FALSE | I28: =IF(H28="","",YEAR(TODAY()) - MOD(YEAR(TODAY()),3) + H28 + 3) | J28: TRUE | K28: 43922 | N28: o.a. toegevoegd ivm doorvoer Krimpenerwaard
A29: =IFERROR(VLOOKUP($C29,meetnetcodes!$A:$C,2,FALSE),"") -> 1 | B29: =IFERROR(VLOOKUP(C29,meetnetcodes!$A:$C,3,FALSE),"") -> Basis meetnet | C29: basis | D29: RWS_0108 | E29: fluoroprobe | F29: 6_m_zomer | G29: FALSE | I29: =IF(H29="","",YEAR(TODAY()) - MOD(YEAR(TODAY()),3) + H29 + 3) | J29: FALSE | K29: 44562 | L29: 44926
A30: =IFERROR(VLOOKUP($C30,meetnetcodes!$A:$C,2,FALSE),"") -> 1 | B30: =IFERROR(VLOOKUP(C30,meetnetcodes!$A:$C,3,FALSE),"") -> Basis meetnet | C30: basis | D30: RWS_0112 | E30: basis_zwevend | F30: 12_m | G30: FALSE | I30: =IF(H30="","",YEAR(TODAY()) - MOD(YEAR(TODAY()),3) + H30 + 3) | J30: TRUE
A31: =IFERROR(VLOOKUP($C31,meetnetcodes!$A:$C,2,FALSE),"") -> 1 | B31: =IFERROR(VLOOKUP(C31,meetnetcodes!$A:$C,3,FALSE),"") -> Basis meetnet | C31: basis | D31: RWS_0112 | E31: coord | F31: 1_jan | G31: FALSE | J31: TRUE | K31: 44562
A32: =IFERROR(VLOOKUP($C32,meetnetcodes!$A:$C,2,FALSE),"") -> 1 | B32: =IFERROR(VLOOKUP(C32,meetnetcodes!$A:$C,3,FALSE),"") -> Basis meetnet | C32: basis | D32: RWS_0112 | E32: diepte_foto | F32: 1_mei | G32: FALSE | I32: =IF(H32="","",YEAR(TODAY()) - MOD(YEAR(TODAY()),3) + H32 + 3) | J32: TRUE
A33: =IFERROR(VLOOKUP($C33,meetnetcodes!$A:$C,2,FALSE),"") -> 1 | B33: =IFERROR(VLOOKUP(C33,meetnetcodes!$A:$C,3,FALSE),"") -> Basis meetnet | C33: basis | D33: RWS_0112 | E33: fluoroprobe | F33: 6_m_zomer | G33: FALSE | I33: =IF(H33="","",YEAR(TODAY()) - MOD(YEAR(TODAY()),3) + H33 + 3) | J33: FALSE | K33: 44562 | L33: 44926
A34: =IFERROR(VLOOKUP($C34,meetnetcodes!$A:$C,2,FALSE),"") -> 1 | B34: =IFERROR(VLOOKUP(C34,meetnetcodes!$A:$C,3,FALSE),"") -> Basis meetnet | C34: basis | D34: RWS_0113 | E34: basis_zwevend | F34: 12_m | G34: FALSE | I34: =IF(H34="","",YEAR(TODAY()) - MOD(YEAR(TODAY()),3) + H34 + 3) | J34: TRUE | K34: 44044 | N34: Nieuw basismeetpunt ivm inlaat Leuvehaven
A35: =IFERROR(VLOOKUP($C35,meetnetcodes!$A:$C,2,FALSE),"") -> 1 | B35: =IFERROR(VLOOKUP(C35,meetnetcodes!$A:$C,3,FALSE),"") -> Basis meetnet | C35: basis | D35: RWS_0113 | E35: coord | F35: 1_jan | G35: FALSE | J35: TRUE | K35: 44562
A36: =IFERROR(VLOOKUP($C36,meetnetcodes!$A:$C,2,FALSE),"") -> 1 | B36: =IFERROR(VLOOKUP(C36,meetnetcodes!$A:$C,3,FALSE),"") -> Basis meetnet | C36: basis | D36: RWS_0113 | E36: diepte_foto | F36: 1_mei | G36: FALSE | I36: =IF(H36="","",YEAR(TODAY()) - MOD(YEAR(TODAY()),3) + H36 + 3) | J36: TRUE | K36: 44044 | N36: Nieuw basismeetpunt ivm inlaat Leuvehaven
A37: =IFERROR(VLOOKUP($C37,meetnetcodes!$A:$C,2,FALSE),"") -> 1 | B37: =IFERROR(VLOOKUP(C37,meetnetcodes!$A:$C,3,FALSE),"") -> Basis meetnet | C37: basis | D37: RWS_0113 | E37: fluoroprobe | F37: 6_m_zomer | G37: FALSE | I37: =IF(H37="","",YEAR(TODAY()) - MOD(YEAR(TODAY()),3) + H37 + 3) | J37: FALSE | K37: 44562 | L37: 44926
A38: =IFERROR(VLOOKUP($C38,meetnetcodes!$A:$C,2,FALSE),"") -> 1 | B38: =IFERROR(VLOOKUP(C38,meetnetcodes!$A:$C,3,FALSE),"") -> Basis meetnet | C38: basis | D38: RWS_0114 | E38: basis_zwevend | F38: 12_m | G38: FALSE | I38: =IF(H38="","",YEAR(TODAY()) - MOD(YEAR(TODAY()),3) + H38 + 3) | J38: TRUE | K38: 44317
A39: =IFERROR(VLOOKUP($C39,meetnetcodes!$A:$C,2,FALSE),"") -> 1 | B39: =IFERROR(VLOOKUP(C39,meetnetcodes!$A:$C,3,FALSE),"") -> Basis meetnet | C39: basis | D39: RWS_0114 | E39: coord | F39: 1_jan | G39: FALSE | I39: =IF(H39="","",YEAR(TODAY()) - MOD(YEAR(TODAY()),3) + H39 + 3) | J39: TRUE | K39: 44317
A40: =IFERROR(VLOOKUP($C40,meetnetcodes!$A:$C,2,FALSE),"") -> 1 | B40: =IFERROR(VLOOKUP(C40,meetnetcodes!$A:$C,3,FALSE),"") -> Basis meetnet | C40: basis | D40: RWS_0114 | E40: diepte_foto | F40: 1_mei | G40: FALSE | I40: =IF(H40="","",YEAR(TODAY()) - MOD(YEAR(TODAY()),3) + H40 + 3) | J40: TRUE | K40: 44317
A41: =IFERROR(VLOOKUP($C41,meetnetcodes!$A:$C,2,FALSE),"") -> 1 | B41: =IFERROR(VLOOKUP(C41,meetnetcodes!$A:$C,3,FALSE),"") -> Basis meetnet | C41: basis | D41: S_0005 | E41: basis_zwevend | F41: 12_m | G41: FALSE | I41: =IF(H41="","",YEAR(TODAY()) - MOD(YEAR(TODAY()),3) + H41 + 3) | J41: TRUE
A42: =IFERROR(VLOOKUP($C42,meetnetcodes!$A:$C,2,FALSE),"") -> 1 | B42: =IFERROR(VLOOKUP(C42,meetnetcodes!$A:$C,3,FALSE),"") -> Basis meetnet | C42: basis | D42: S_0005 | E42: coord | F42: 1_jan | G42: FALSE | J42: TRUE | K42: 44562
A43: =IFERROR(VLOOKUP($C43,meetnetcodes!$A:$C,2,FALSE),"") -> 1 | B43: =IFERROR(VLOOKUP(C43,meetnetcodes!$A:$C,3,FALSE),"") -> Basis meetnet | C43: basis | D43: S_0005 | E43: diepte_foto | F43: 1_mei | G43: FALSE | I43: =IF(H43="","",YEAR(TODAY()) - MOD(YEAR(TODAY()),3) + H43 + 3) | J43: TRUE
A44: =IFERROR(VLOOKUP($C44,meetnetcodes!$A:$C,2,FALSE),"") -> 1 | B44: =IFERROR(VLOOKUP(C44,meetnetcodes!$A:$C,3,FALSE),"") -> Basis meetnet | C44: basis | D44: S_0005 | E44: fluoroprobe | F44: 6_m_zomer | G44: FALSE | I44: =IF(H44="","",YEAR(TODAY()) - MOD(YEAR(TODAY()),3) + H44 + 3) | J44: TRUE | K44: 44562
A45: =IFERROR(VLOOKUP($C45,meetnetcodes!$A:$C,2,FALSE),"") -> 1 | B45: =IFERROR(VLOOKUP(C45,meetnetcodes!$A:$C,3,FALSE),"") -> Basis meetnet | C45: basis | D45: S_0007 | E45: basis_zwevend | F45: 12_m | G45: FALSE | I45: =IF(H45="","",YEAR(TODAY()) - MOD(YEAR(TODAY()),3) + H45 + 3) | J45: TRUE
A46: =IFERROR(VLOOKUP($C46,meetnetcodes!$A:$C,2,FALSE),"") -> 1 | B46: =IFERROR(VLOOKUP(C46,meetnetcodes!$A:$C,3,FALSE),"") -> Basis meetnet | C46: basis | D46: S_0007 | E46: coord | F46: 1_jan | G46: FALSE | J46: TRUE | K46: 44562
A47: =IFERROR(VLOOKUP($C47,meetnetcodes!$A:$C,2,FALSE),"") -> 1 | B47: =IFERROR(VLOOKUP(C47,meetnetcodes!$A:$C,3,FALSE),"") -> Basis meetnet | C47: basis | D47: S_0007 | E47: diepte_foto | F47: 1_mei | G47: FALSE | I47: =IF(H47="","",YEAR(TODAY()) - MOD(YEAR(TODAY()),3) + H47 + 3) | J47: TRUE
A48: =IFERROR(VLOOKUP($C48,meetnetcodes!$A:$C,2,FALSE),"") -> 1 | B48: =IFERROR(VLOOKUP(C48,meetnetcodes!$A:$C,3,FALSE),"") -> Basis meetnet | C48: basis | D48: S_0007 | E48: fluoroprobe | F48: 6_m_zomer | G48: FALSE | I48: =IF(H48="","",YEAR(TODAY()) - MOD(YEAR(TODAY()),3) + H48 + 3) | J48: TRUE | K48: 44562
A49: =IFERROR(VLOOKUP($C49,meetnetcodes!$A:$C,2,FALSE),"") -> 1 | B49: =IFERROR(VLOOKUP(C49,meetnetcodes!$A:$C,3,FALSE),"") -> Basis meetnet | C49: basis | D49: S_0010 | E49: basis_zwevend_boot | F49: 12_m | G49: FALSE | I49: =IF(H49="","",YEAR(TODAY()) - MOD(YEAR(TODAY()),3) + H49 + 3) | J49: TRUE
A50: =IFERROR(VLOOKUP($C50,meetnetcodes!$A:$C,2,FALSE),"") -> 1 | B50: =IFERROR(VLOOKUP(C50,meetnetcodes!$A:$C,3,FALSE),"") -> Basis meetnet | C50: basis | D50: S_0010 | E50: coord | F50: 1_jan | G50: FALSE | J50: TRUE | K50: 44562
A51: =IFERROR(VLOOKUP($C51,meetnetcodes!$A:$C,2,FALSE),"") -> 1 | B51: =IFERROR(VLOOKUP(C51,meetnetcodes!$A:$C,3,FALSE),"") -> Basis meetnet | C51: basis | D51: S_0010 | E51: diepte_foto | F51: 1_mei | G51: FALSE | I51: =IF(H51="","",YEAR(TODAY()) - MOD(YEAR(TODAY()),3) + H51 + 3) | J51: TRUE
A52: =IFERROR(VLOOKUP($C52,meetnetcodes!$A:$C,2,FALSE),"") -> 1 | B52: =IFERROR(VLOOKUP(C52,meetnetcodes!$A:$C,3,FALSE),"") -> Basis meetnet | C52: basis | D52: S_0010 | E52: fluoroprobe | F52: 6_m_zomer | G52: FALSE | I52: =IF(H52="","",YEAR(TODAY()) - MOD(YEAR(TODAY()),3) + H52 + 3) | J52: TRUE | K52: 44562
A53: =IFERROR(VLOOKUP($C53,meetnetcodes!$A:$C,2,FALSE),"") -> 1 | B53: =IFERROR(VLOOKUP(C53,meetnetcodes!$A:$C,3,FALSE),"") -> Basis meetnet | C53: basis | D53: S_0016 | E53: basis | F53: 12_m | G53: FALSE | I53: =IF(H53="","",YEAR(TODAY()) - MOD(YEAR(TODAY()),3) + H53 + 3) | J53: TRUE | L53: 46022 | N53: meetpunt in boezem daarom basis_zwevend
A54: =IFERROR(VLOOKUP($C54,meetnetcodes!$A:$C,2,FALSE),"") -> 1 | B54: =IFERROR(VLOOKUP(C54,meetnetcodes!$A:$C,3,FALSE),"") -> Basis meetnet | C54: basis | D54: S_0016 | E54: basis_zwevend | F54: 12_m | G54: FALSE | I54: =IF(H54="","",YEAR(TODAY()) - MOD(YEAR(TODAY()),3) + H54 + 3) | J54: TRUE | K54: 46023
A55: =IFERROR(VLOOKUP($C55,meetnetcodes!$A:$C,2,FALSE),"") -> 1 | B55: =IFERROR(VLOOKUP(C55,meetnetcodes!$A:$C,3,FALSE),"") -> Basis meetnet | C55: basis | D55: S_0016 | E55: coord | F55: 1_jan | G55: FALSE | J55: TRUE | K55: 44562
A56: =IFERROR(VLOOKUP($C56,meetnetcodes!$A:$C,2,FALSE),"") -> 1 | B56: =IFERROR(VLOOKUP(C56,meetnetcodes!$A:$C,3,FALSE),"") -> Basis meetnet | C56: basis | D56: S_0016 | E56: diepte_foto | F56: 1_mei | G56: FALSE | I56: =IF(H56="","",YEAR(TODAY()) - MOD(YEAR(TODAY()),3) + H56 + 3) | J56: TRUE
A57: =IFERROR(VLOOKUP($C57,meetnetcodes!$A:$C,2,FALSE),"") -> 1 | B57: =IFERROR(VLOOKUP(C57,meetnetcodes!$A:$C,3,FALSE),"") -> Basis meetnet | C57: basis | D57: S_0016 | E57: fluoroprobe | F57: 6_m_zomer | G57: FALSE | I57: =IF(H57="","",YEAR(TODAY()) - MOD(YEAR(TODAY()),3) + H57 + 3) | J57: TRUE | K57: 44562
A58: =IFERROR(VLOOKUP($C58,meetnetcodes!$A:$C,2,FALSE),"") -> 1 | B58: =IFERROR(VLOOKUP(C58,meetnetcodes!$A:$C,3,FALSE),"") -> Basis meetnet | C58: basis | D58: S_0021 | E58: basis_zwevend | F58: 12_m | G58: FALSE | I58: =IF(H58="","",YEAR(TODAY()) - MOD(YEAR(TODAY()),3) + H58 + 3) | J58: TRUE
A59: =IFERROR(VLOOKUP($C59,meetnetcodes!$A:$C,2,FALSE),"") -> 1 | B59: =IFERROR(VLOOKUP(C59,meetnetcodes!$A:$C,3,FALSE),"") -> Basis meetnet | C59: basis | D59: S_0021 | E59: coord | F59: 1_jan | G59: FALSE | J59: TRUE | K59: 44562
A60: =IFERROR(VLOOKUP($C60,meetnetcodes!$A:$C,2,FALSE),"") -> 1 | B60: =IFERROR(VLOOKUP(C60,meetnetcodes!$A:$C,3,FALSE),"") -> Basis meetnet | C60: basis | D60: S_0021 | E60: diepte_foto | F60: 1_mei | G60: FALSE | I60: =IF(H60="","",YEAR(TODAY()) - MOD(YEAR(TODAY()),3) + H60 + 3) | J60: TRUE
A61: =IFERROR(VLOOKUP($C61,meetnetcodes!$A:$C,2,FALSE),"") -> 1 | B61: =IFERROR(VLOOKUP(C61,meetnetcodes!$A:$C,3,FALSE),"") -> Basis meetnet | C61: basis | D61: S_0021 | E61: fluoroprobe | F61: 6_m_zomer | G61: FALSE | I61: =IF(H61="","",YEAR(TODAY()) - MOD(YEAR(TODAY()),3) + H61 + 3) | J61: TRUE | K61: 44562
A62: =IFERROR(VLOOKUP($C62,meetnetcodes!$A:$C,2,FALSE),"") -> 1 | B62: =IFERROR(VLOOKUP(C62,meetnetcodes!$A:$C,3,FALSE),"") -> Basis meetnet | C62: basis | D62: S_0024 | E62: basis | F62: 12_m | G62: FALSE | I62: =IF(H62="","",YEAR(TODAY()) - MOD(YEAR(TODAY()),3) + H62 + 3) | J62: FALSE | L62: 44196 | N62: artikelgroep veranderd in basis_zwevend op 16-6-2020
A63: =IFERROR(VLOOKUP($C63,meetnetcodes!$A:$C,2,FALSE),"") -> 1 | B63: =IFERROR(VLOOKUP(C63,meetnetcodes!$A:$C,3,FALSE),"") -> Basis meetnet | C63: basis | D63: S_0024 | E63: basis_zwevend | F63: 12_m | G63: FALSE | I63: =IF(H63="","",YEAR(TODAY()) - MOD(YEAR(TODAY()),3) + H63 + 3) | J63: TRUE | K63: 44197
A64: =IFERROR(VLOOKUP($C64,meetnetcodes!$A:$C,2,FALSE),"") -> 1 | B64: =IFERROR(VLOOKUP(C64,meetnetcodes!$A:$C,3,FALSE),"") -> Basis meetnet | C64: basis | D64: S_0024 | E64: coord | F64: 1_jan | G64: FALSE | J64: TRUE | K64: 44562
A65: =IFERROR(VLOOKUP($C65,meetnetcodes!$A:$C,2,FALSE),"") -> 1 | B65: =IFERROR(VLOOKUP(C65,meetnetcodes!$A:$C,3,FALSE),"") -> Basis meetnet | C65: basis | D65: S_0024 | E65: diepte_foto | F65: 1_mei | G65: FALSE | I65: =IF(H65="","",YEAR(TODAY()) - MOD(YEAR(TODAY()),3) + H65 + 3) | J65: TRUE
A66: =IFERROR(VLOOKUP($C66,meetnetcodes!$A:$C,2,FALSE),"") -> 1 | B66: =IFERROR(VLOOKUP(C66,meetnetcodes!$A:$C,3,FALSE),"") -> Basis meetnet | C66: basis | D66: S_0024 | E66: fluoroprobe | F66: 6_m_zomer | G66: FALSE | I66: =IF(H66="","",YEAR(TODAY()) - MOD(YEAR(TODAY()),3) + H66 + 3) | J66: TRUE | K66: 44562
A67: =IFERROR(VLOOKUP($C67,meetnetcodes!$A:$C,2,FALSE),"") -> 1 | B67: =IFERROR(VLOOKUP(C67,meetnetcodes!$A:$C,3,FALSE),"") -> Basis meetnet | C67: basis | D67: S_0025 | E67: basis_zwevend | F67: 12_m | G67: FALSE | I67: =IF(H67="","",YEAR(TODAY()) - MOD(YEAR(TODAY()),3) + H67 + 3) | J67: TRUE
A68: =IFERROR(VLOOKUP($C68,meetnetcodes!$A:$C,2,FALSE),"") -> 1 | B68: =IFERROR(VLOOKUP(C68,meetnetcodes!$A:$C,3,FALSE),"") -> Basis meetnet | C68: basis | D68: S_0025 | E68: coord | F68: 1_jan | G68: FALSE | J68: TRUE | K68: 44562
A69: =IFERROR(VLOOKUP($C69,meetnetcodes!$A:$C,2,FALSE),"") -> 1 | B69: =IFERROR(VLOOKUP(C69,meetnetcodes!$A:$C,3,FALSE),"") -> Basis meetnet | C69: basis | D69: S_0025 | E69: diepte_foto | F69: 1_mei | G69: FALSE | I69: =IF(H69="","",YEAR(TODAY()) - MOD(YEAR(TODAY()),3) + H69 + 3) | J69: TRUE
A70: =IFERROR(VLOOKUP($C70,meetnetcodes!$A:$C,2,FALSE),"") -> 1 | B70: =IFERROR(VLOOKUP(C70,meetnetcodes!$A:$C,3,FALSE),"") -> Basis meetnet | C70: basis | D70: S_0025 | E70: fluoroprobe | F70: 6_m_zomer | G70: FALSE | I70: =IF(H70="","",YEAR(TODAY()) - MOD(YEAR(TODAY()),3) + H70 + 3) | J70: TRUE | K70: 44562
A71: =IFERROR(VLOOKUP($C71,meetnetcodes!$A:$C,2,FALSE),"") -> 1 | B71: =IFERROR(VLOOKUP(C71,meetnetcodes!$A:$C,3,FALSE),"") -> Basis meetnet | C71: basis | D71: S_0030 | E71: basis_zwevend_boot | F71: 12_m | G71: FALSE | I71: =IF(H71="","",YEAR(TODAY()) - MOD(YEAR(TODAY()),3) + H71 + 3) | J71: TRUE
A72: =IFERROR(VLOOKUP($C72,meetnetcodes!$A:$C,2,FALSE),"") -> 1 | B72: =IFERROR(VLOOKUP(C72,meetnetcodes!$A:$C,3,FALSE),"") -> Basis meetnet | C72: basis | D72: S_0030 | E72: coord | F72: 1_jan | G72: FALSE | J72: TRUE | K72: 44562
A73: =IFERROR(VLOOKUP($C73,meetnetcodes!$A:$C,2,FALSE),"") -> 1 | B73: =IFERROR(VLOOKUP(C73,meetnetcodes!$A:$C,3,FALSE),"") -> Basis meetnet | C73: basis | D73: S_0030 | E73: diepte_foto | F73: 1_mei | G73: FALSE | I73: =IF(H73="","",YEAR(TODAY()) - MOD(YEAR(TODAY()),3) + H73 + 3) | J73: TRUE
A74: =IFERROR(VLOOKUP($C74,meetnetcodes!$A:$C,2,FALSE),"") -> 1 | B74: =IFERROR(VLOOKUP(C74,meetnetcodes!$A:$C,3,FALSE),"") -> Basis meetnet | C74: basis | D74: S_0030 | E74: fluoroprobe | F74: 6_m_zomer | G74: FALSE | I74: =IF(H74="","",YEAR(TODAY()) - MOD(YEAR(TODAY()),3) + H74 + 3) | J74: TRUE | K74: 44562
A75: =IFERROR(VLOOKUP($C75,meetnetcodes!$A:$C,2,FALSE),"") -> 1 | B75: =IFERROR(VLOOKUP(C75,meetnetcodes!$A:$C,3,FALSE),"") -> Basis meetnet | C75: basis | D75: S_0034 | E75: basis_zwevend_boot | F75: 12_m | G75: FALSE | I75: =IF(H75="","",YEAR(TODAY()) - MOD(YEAR(TODAY()),3) + H75 + 3) | J75: TRUE
A76: =IFERROR(VLOOKUP($C76,meetnetcodes!$A:$C,2,FALSE),"") -> 1 | B76: =IFERROR(VLOOKUP(C76,meetnetcodes!$A:$C,3,FALSE),"") -> Basis meetnet | C76: basis | D76: S_0034 | E76: coord | F76: 1_jan | G76: FALSE | J76: TRUE | K76: 44562
A77: =IFERROR(VLOOKUP($C77,meetnetcodes!$A:$C,2,FALSE),"") -> 1 | B77: =IFERROR(VLOOKUP(C77,meetnetcodes!$A:$C,3,FALSE),"") -> Basis meetnet | C77: basis | D77: S_0034 | E77: diepte_foto | F77: 1_mei | G77: FALSE | I77: =IF(H77="","",YEAR(TODAY()) - MOD(YEAR(TODAY()),3) + H77 + 3) | J77: TRUE
A78: =IFERROR(VLOOKUP($C78,meetnetcodes!$A:$C,2,FALSE),"") -> 1 | B78: =IFERROR(VLOOKUP(C78,meetnetcodes!$A:$C,3,FALSE),"") -> Basis meetnet | C78: basis | D78: S_0034 | E78: fluoroprobe | F78: 6_m_zomer | G78: FALSE | I78: =IF(H78="","",YEAR(TODAY()) - MOD(YEAR(TODAY()),3) + H78 + 3) | J78: TRUE | K78: 44562
A79: =IFERROR(VLOOKUP($C79,meetnetcodes!$A:$C,2,FALSE),"") -> 1 | B79: =IFERROR(VLOOKUP(C79,meetnetcodes!$A:$C,3,FALSE),"") -> Basis meetnet | C79: basis | D79: S_0036 | E79: basis_zwevend | F79: 12_m | G79: FALSE | I79: =IF(H79="","",YEAR(TODAY()) - MOD(YEAR(TODAY()),3) + H79 + 3) | J79: TRUE
A80: =IFERROR(VLOOKUP($C80,meetnetcodes!$A:$C,2,FALSE),"") -> 1 | B80: =IFERROR(VLOOKUP(C80,meetnetcodes!$A:$C,3,FALSE),"") -> Basis meetnet | C80: basis | D80: S_0036 | E80: coord | F80: 1_jan | G80: FALSE | J80: TRUE | K80: 44562
A81: =IFERROR(VLOOKUP($C81,meetnetcodes!$A:$C,2,FALSE),"") -> 1 | B81: =IFERROR(VLOOKUP(C81,meetnetcodes!$A:$C,3,FALSE),"") -> Basis meetnet | C81: basis | D81: S_0036 | E81: diepte_foto | F81: 1_mei | G81: FALSE | I81: =IF(H81="","",YEAR(TODAY()) - MOD(YEAR(TODAY()),3) + H81 + 3) | J81: TRUE
A82: =IFERROR(VLOOKUP($C82,meetnetcodes!$A:$C,2,FALSE),"") -> 1 | B82: =IFERROR(VLOOKUP(C82,meetnetcodes!$A:$C,3,FALSE),"") -> Basis meetnet | C82: basis | D82: S_0036 | E82: fluoroprobe | F82: 6_m_zomer | G82: FALSE | I82: =IF(H82="","",YEAR(TODAY()) - MOD(YEAR(TODAY()),3) + H82 + 3) | J82: TRUE | K82: 44562
A83: =IFERROR(VLOOKUP($C83,meetnetcodes!$A:$C,2,FALSE),"") -> 1 | B83: =IFERROR(VLOOKUP(C83,meetnetcodes!$A:$C,3,FALSE),"") -> Basis meetnet | C83: basis | D83: S_0038 | E83: basis_zwevend | F83: 12_m | G83: FALSE | I83: =IF(H83="","",YEAR(TODAY()) - MOD(YEAR(TODAY()),3) + H83 + 3) | J83: TRUE
A84: =IFERROR(VLOOKUP($C84,meetnetcodes!$A:$C,2,FALSE),"") -> 1 | B84: =IFERROR(VLOOKUP(C84,meetnetcodes!$A:$C,3,FALSE),"") -> Basis meetnet | C84: basis | D84: S_0038 | E84: coord | F84: 1_jan | G84: FALSE | J84: TRUE | K84: 44562
A85: =IFERROR(VLOOKUP($C85,meetnetcodes!$A:$C,2,FALSE),"") -> 1 | B85: =IFERROR(VLOOKUP(C85,meetnetcodes!$A:$C,3,FALSE),"") -> Basis meetnet | C85: basis | D85: S_0038 | E85: diepte_foto | F85: 1_mei | G85: FALSE | I85: =IF(H85="","",YEAR(TODAY()) - MOD(YEAR(TODAY()),3) + H85 + 3) | J85: TRUE
A86: =IFERROR(VLOOKUP($C86,meetnetcodes!$A:$C,2,FALSE),"") -> 1 | B86: =IFERROR(VLOOKUP(C86,meetnetcodes!$A:$C,3,FALSE),"") -> Basis meetnet | C86: basis | D86: S_0038 | E86: fluoroprobe | F86: 6_m_zomer | G86: FALSE | I86: =IF(H86="","",YEAR(TODAY()) - MOD(YEAR(TODAY()),3) + H86 + 3) | J86: TRUE | K86: 44562
A87: =IFERROR(VLOOKUP($C87,meetnetcodes!$A:$C,2,FALSE),"") -> 1 | B87: =IFERROR(VLOOKUP(C87,meetnetcodes!$A:$C,3,FALSE),"") -> Basis meetnet | C87: basis | D87: S_0040 | E87: basis_zwevend_boot | F87: 12_m | G87: FALSE | I87: =IF(H87="","",YEAR(TODAY()) - MOD(YEAR(TODAY()),3) + H87 + 3) | J87: TRUE
A88: =IFERROR(VLOOKUP($C88,meetnetcodes!$A:$C,2,FALSE),"") -> 1 | B88: =IFERROR(VLOOKUP(C88,meetnetcodes!$A:$C,3,FALSE),"") -> Basis meetnet | C88: basis | D88: S_0040 | E88: coord | F88: 1_jan | G88: FALSE | J88: TRUE | K88: 44562
A89: =IFERROR(VLOOKUP($C89,meetnetcodes!$A:$C,2,FALSE),"") -> 1 | B89: =IFERROR(VLOOKUP(C89,meetnetcodes!$A:$C,3,FALSE),"") -> Basis meetnet | C89: basis | D89: S_0040 | E89: diepte_foto | F89: 1_mei | G89: FALSE | I89: =IF(H89="","",YEAR(TODAY()) - MOD(YEAR(TODAY()),3) + H89 + 3) | J89: TRUE
A90: =IFERROR(VLOOKUP($C90,meetnetcodes!$A:$C,2,FALSE),"") -> 1 | B90: =IFERROR(VLOOKUP(C90,meetnetcodes!$A:$C,3,FALSE),"") -> Basis meetnet | C90: basis | D90: S_0040 | E90: fluoroprobe | F90: 6_m_zomer | G90: FALSE | I90: =IF(H90="","",YEAR(TODAY()) - MOD(YEAR(TODAY()),3) + H90 + 3) | J90: TRUE | K90: 44562
A91: =IFERROR(VLOOKUP($C91,meetnetcodes!$A:$C,2,FALSE),"") -> 1 | B91: =IFERROR(VLOOKUP(C91,meetnetcodes!$A:$C,3,FALSE),"") -> Basis meetnet | C91: basis | D91: S_0042 | E91: basis_zwevend | F91: 12_m | G91: FALSE | I91: =IF(H91="","",YEAR(TODAY()) - MOD(YEAR(TODAY()),3) + H91 + 3) | J91: TRUE
A92: =IFERROR(VLOOKUP($C92,meetnetcodes!$A:$C,2,FALSE),"") -> 1 | B92: =IFERROR(VLOOKUP(C92,meetnetcodes!$A:$C,3,FALSE),"") -> Basis meetnet | C92: basis | D92: S_0042 | E92: coord | F92: 1_jan | G92: FALSE | J92: TRUE | K92: 44562
A93: =IFERROR(VLOOKUP($C93,meetnetcodes!$A:$C,2,FALSE),"") -> 1 | B93: =IFERROR(VLOOKUP(C93,meetnetcodes!$A:$C,3,FALSE),"") -> Basis meetnet | C93: basis | D93: S_0042 | E93: diepte_foto | F93: 1_mei | G93: FALSE | I93: =IF(H93="","",YEAR(TODAY()) - MOD(YEAR(TODAY()),3) + H93 + 3) | J93: TRUE
A94: =IFERROR(VLOOKUP($C94,meetnetcodes!$A:$C,2,FALSE),"") -> 1 | B94: =IFERROR(VLOOKUP(C94,meetnetcodes!$A:$C,3,FALSE),"") -> Basis meetnet | C94: basis | D94: S_0042 | E94: fluoroprobe | F94: 6_m_zomer | G94: FALSE | I94: =IF(H94="","",YEAR(TODAY()) - MOD(YEAR(TODAY()),3) + H94 + 3) | J94: TRUE | K94: 44562
A95: =IFERROR(VLOOKUP($C95,meetnetcodes!$A:$C,2,FALSE),"") -> 1 | B95: =IFERROR(VLOOKUP(C95,meetnetcodes!$A:$C,3,FALSE),"") -> Basis meetnet | C95: basis | D95: S_0054 | E95: basis_zwevend | F95: 12_m | G95: FALSE | I95: =IF(H95="","",YEAR(TODAY()) - MOD(YEAR(TODAY()),3) + H95 + 3) | J95: TRUE
A96: =IFERROR(VLOOKUP($C96,meetnetcodes!$A:$C,2,FALSE),"") -> 1 | B96: =IFERROR(VLOOKUP(C96,meetnetcodes!$A:$C,3,FALSE),"") -> Basis meetnet | C96: basis | D96: S_0054 | E96: coord | F96: 1_jan | G96: FALSE | J96: TRUE | K96: 44562
A97: =IFERROR(VLOOKUP($C97,meetnetcodes!$A:$C,2,FALSE),"") -> 1 | B97: =IFERROR(VLOOKUP(C97,meetnetcodes!$A:$C,3,FALSE),"") -> Basis meetnet | C97: basis | D97: S_0054 | E97: diepte_foto | F97: 1_mei | G97: FALSE | I97: =IF(H97="","",YEAR(TODAY()) - MOD(YEAR(TODAY()),3) + H97 + 3) | J97: TRUE
A98: =IFERROR(VLOOKUP($C98,meetnetcodes!$A:$C,2,FALSE),"") -> 1 | B98: =IFERROR(VLOOKUP(C98,meetnetcodes!$A:$C,3,FALSE),"") -> Basis meetnet | C98: basis | D98: S_0054 | E98: fluoroprobe | F98: 6_m_zomer | G98: FALSE | I98: =IF(H98="","",YEAR(TODAY()) - MOD(YEAR(TODAY()),3) + H98 + 3) | J98: TRUE | K98: 44562
A99: =IFERROR(VLOOKUP($C99,meetnetcodes!$A:$C,2,FALSE),"") -> 1 | B99: =IFERROR(VLOOKUP(C99,meetnetcodes!$A:$C,3,FALSE),"") -> Basis meetnet | C99: basis | D99: S_0060 | E99: basis_zwevend | F99: 12_m | G99: FALSE | I99: =IF(H99="","",YEAR(TODAY()) - MOD(YEAR(TODAY()),3) + H99 + 3) | J99: TRUE
A100: =IFERROR(VLOOKUP($C100,meetnetcodes!$A:$C,2,FALSE),"") -> 1 | B100: =IFERROR(VLOOKUP(C100,meetnetcodes!$A:$C,3,FALSE),"") -> Basis meetnet | C100: basis | D100: S_0060 | E100: coord | F100: 1_jan | G100: FALSE | J100: TRUE | K100: 44562
...

Sheet artikelgroepcodes
A1: artikelgroep_code | B1: artikelgroep_omschrijving | C1: Opmerkingen
A2: admin | B2: Administratie en locatiebezoek
A3: admin_boot | B3: Administratie en locatiebezoek boot
A4: barium_nf | B4: Barium na filtratie
A5: basis | B5: Basispakket veldmetingen en nutriënten
A6: basis_boot | B6: Basispakket veldmetingen en nutriënten met boot
A7: basis_diep | B7: Basispakket veldmetingen en nutriënten zonder oppervlaktemetingen met boot | C7: o.a. diepe metingen ZHP
A8: basis_macro | B8: Basispakket veldmetingen, nutriënten en macro-ionen
A9: basis_visueel | B9: Basispakket veldmetingen en nutriënten met uitgebreide visuele waarnemingen
A10: basis_zwevend | B10: Basispakket veldmetingen, nutriënten en zwevende bestanddelen
A11: basis_zwevend_boot | B11: Basispakket veldmetingen, nutriënten en zwevende bestanddelen met boot
A12: basis_zwevend_z | B12: Basispakket zwem veldmetingen, nutriënten en zwevende bestanddelen | C12: alleen voor zwemlocatie ivm overlap zwemwaterpakket
A13: blauwalg_biovolume | B13: Biovolume blauwalgen
A14: coord | B14: RD-coordinaten
A15: defos | B15: Metingen voor het functioneren van de defosfatering | C15: o.a. defosfatering KP
A16: diat | B16: Diatomeeën
A17: diepte_foto | B17: Dieptebepaling en een foto
A18: diepteprofiel | B18: Bepaling diepteprofiel | C18: altijd icm een gewoon oppervlaktemonster
A19: fluoroprobe | B19: Fluoroprobemeting
A20: fosfor | B20: Totaal fosfor | C20: o.a. tbv defosfatering EDP
A21: fyto | B21: Fytoplanktononderzoek in ondiep water
A22: fyto_zoop | B22: Fyto- en zooplanktononderzoek in ondiep water
A23: fyto_zoop_diep | B23: Fyto- en zooplanktononderzoek in diep water
A24: gbm_b | B24: Bestrijdingsmiddelenpakket B
A25: gbm_cd | B25: Bestrijdingsmiddelenpakket C en D
A26: gbm_cfcz | B26: Bestrijdingsmiddelenpakket CFCZ
A27: gbm_d | B27: Bestrijdingsmiddelenpakket D
A28: gbm_glas | B28: Bestrijdingsmiddelenpakket LMGBM Glastuinbouw (extern)
A29: gbm_neg | B29: Bestrijdingsmiddelenpakket negatief | C29: vervangt cfcz
A30: ijking_egv | B30: Metingen tbv ijking van EGV meters
A31: ijzer | B31: IJzer
A32: kreeften | B32: Kreeften met 12 korven
A33: krw_metalen_2020 | B33: KRW onderzoek metalen 2020
A34: krw_metalen_2021 | B34: KRW onderzoek metalen 2021
A35: krw_metalen_2022 | B35: KRW onderzoek metalen 2022
A36: krw_metalen_zink_2021 | B36: KRW onderzoek metalen + zink 2021
A37: lanthaan | B37: lanthaan ivm toepassing Phoslock | C37: uitbesteed onderzoek
A38: mafa_lijn | B38: Macrofauna in lijnvormig water
A39: mafa_plas | B39: Macrofauna in meren en plassen
A40: mafy_100 | B40: Macrofyten 100 m | C40: KRW
A41: mafy_50 | B41: Macrofyten 50 m | C41: Andere macrofytenopnames
A42: pakket_metalen_nf | B42: pakket zware metalen na filtratie
A43: pakket_nutrienten | B43: Nutriëntenpakket
A44: pfas | B44: PFAS-pakket (Aquon)
A45: radio | B45: Radio-activiteitsmetingen (RWS) | C45: Niet door Aquon
A46: tweede_lijn_metalen | B46: Parameters voor tweedelijnsbeoordeling metalen KRW
A47: veg_vlak | B47: Vlakdekkende vegetatieopnamen
A48: visstand | B48: Visstandsonderzoek | C48: Niet door Aquon
A49: zink_nf | B49: Zink na filtratie
A50: zoop_boot | B50: Zooplanktononderzoek met boot
A51: zwem | B51: Zwemwateronderzoek
A52: zwevend | B52: Zwevende bestanddelen
A53: onopgelost | B53: Onopgeloste stoffen
A54: pfas35 | B54: PFAS-pakket 35 stoffen VU
A55: p_en_n | B55: Fosfor en stikstof
A56: gbm_laag | B56: Pakket bestrijdingsmiddelen lage grenzen (LCMS en GCMS)
A57: fyto_diep | B57: Fytoplanktononderzoek in diep water
A58: zoop_diep | B58: Zooplanktononderzoek in diep water
A59: lithium | B59: Lithiummetingen
A60: mafa | B60: Macrofauna | C60: alleen determinatie aanvragen in OMS
A61: krw_metalen_2026 | B61: KRW onderzoek metalen 2026 | C61: als pakket 2022 maar dan zonder zilver

Sheet artikelgroepen
A1: artikelgroep_code | B1: artikelgroep_omschrijving | C1: artikel_naam | D1: datum_uit_gebruik | E1: opmerkingen
A2: admin | B2: =IFERROR(VLOOKUP(A2,artikelgroepcodes!$A:$B,2,FALSE),"") -> Administratie en locatiebezoek | C2: administratie
A3: admin | B3: =IFERROR(VLOOKUP(A3,artikelgroepcodes!$A:$B,2,FALSE),"") -> Administratie en locatiebezoek | C3: locatiebezoek
A4: admin_boot | B4: =IFERROR(VLOOKUP(A4,artikelgroepcodes!$A:$B,2,FALSE),"") -> Administratie en locatiebezoek boot | C4: administratie
A5: admin_boot | B5: =IFERROR(VLOOKUP(A5,artikelgroepcodes!$A:$B,2,FALSE),"") -> Administratie en locatiebezoek boot | C5: locatiebezoek boot
A6: barium_nf | B6: =IFERROR(VLOOKUP(A6,artikelgroepcodes!$A:$B,2,FALSE),"") -> Barium na filtratie | C6: administratie
A7: barium_nf | B7: =IFERROR(VLOOKUP(A7,artikelgroepcodes!$A:$B,2,FALSE),"") -> Barium na filtratie | C7: barium nf
A8: barium_nf | B8: =IFERROR(VLOOKUP(A8,artikelgroepcodes!$A:$B,2,FALSE),"") -> Barium na filtratie | C8: filtratie metalen
A9: barium_nf | B9: =IFERROR(VLOOKUP(A9,artikelgroepcodes!$A:$B,2,FALSE),"") -> Barium na filtratie | C9: locatiebezoek
A10: barium_nf | B10: =IFERROR(VLOOKUP(A10,artikelgroepcodes!$A:$B,2,FALSE),"") -> Barium na filtratie | C10: steekbemonstering
A11: barium_nf | B11: =IFERROR(VLOOKUP(A11,artikelgroepcodes!$A:$B,2,FALSE),"") -> Barium na filtratie | C11: voorbehandeling metalen nf
A12: basis | B12: =IFERROR(VLOOKUP(A12,artikelgroepcodes!$A:$B,2,FALSE),"") -> Basispakket veldmetingen en nutriënten | C12: administratie
A13: basis | B13: =IFERROR(VLOOKUP(A13,artikelgroepcodes!$A:$B,2,FALSE),"") -> Basispakket veldmetingen en nutriënten | C13: filtratie nutriënten
... A33: basis_macro | B33: =IFERROR(VLOOKUP(A33,artikelgroepcodes!$A:$B,2,FALSE),"") -> Basispakket veldmetingen, nutriënten en macro-ionen | C33: ijs
A34: basis_macro | B34: =IFERROR(VLOOKUP(A34,artikelgroepcodes!$A:$B,2,FALSE),"") -> Basispakket veldmetingen, nutriënten en macro-ionen | C34: kroos | E34: kroos zit in geen van beide pakketten
A35: basis_macro | B35: =IFERROR(VLOOKUP(A35,artikelgroepcodes!$A:$B,2,FALSE),"") -> Basispakket veldmetingen, nutriënten en macro-ionen | C35: locatiebezoek
A36: basis_macro | B36: =IFERROR(VLOOKUP(A36,artikelgroepcodes!$A:$B,2,FALSE),"") -> Basispakket veldmetingen, nutriënten en macro-ionen | C36: pakket nutrienten en macro-ionen
A37: basis_macro | B37: =IFERROR(VLOOKUP(A37,artikelgroepcodes!$A:$B,2,FALSE),"") -> Basispakket veldmetingen, nutriënten en macro-ionen | C37: pakket veldmetingen
A38: basis_macro | B38: =IFERROR(VLOOKUP(A38,artikelgroepcodes!$A:$B,2,FALSE),"") -> Basispakket veldmetingen, nutriënten en macro-ionen | C38: steekbemonstering
A39: basis_macro | B39: =IFERROR(VLOOKUP(A39,artikelgroepcodes!$A:$B,2,FALSE),"") -> Basispakket veldmetingen, nutriënten en macro-ionen | C39: voorbehandeling metalen nf
A40: basis_visueel | B40: =IFERROR(VLOOKUP(A40,artikelgroepcodes!$A:$B,2,FALSE),"") -> Basispakket veldmetingen en nutriënten met uitgebreide visuele waarnemingen | C40: administratie | E40: Gelijk aan artikelgroep basis door gebruik van POWMETSUB (Overall pakket incl waarnemingen)
A41: basis_visueel | B41: =IFERROR(VLOOKUP(A41,artikelgroepcodes!$A:$B,2,FALSE),"") -> Basispakket veldmetingen en nutriënten met uitgebreide visuele waarnemingen | C41: filtratie nutriënten | E41: Gelijk aan artikelgroep basis door gebruik van POWMETSUB (Overall pakket incl waarnemingen)
A42: basis_visueel | B42: =IFERROR(VLOOKUP(A42,artikelgroepcodes!$A:$B,2,FALSE),"") -> Basispakket veldmetingen en nutriënten met uitgebreide visuele waarnemingen | C42: ijs | E42: Gelijk aan artikelgroep basis door gebruik van POWMETSUB (Overall pakket incl waarnemingen)
A43: basis_visueel | B43: =IFERROR(VLOOKUP(A43,artikelgroepcodes!$A:$B,2,FALSE),"") -> Basispakket veldmetingen en nutriënten met uitgebreide visuele waarnemingen | C43: locatiebezoek | E43: Gelijk aan artikelgroep basis door gebruik van POWMETSUB (Overall pakket incl waarnemingen)
A44: basis_visueel | B44: =IFERROR(VLOOKUP(A44,artikelgroepcodes!$A:$B,2,FALSE),"") -> Basispakket veldmetingen en nutriënten met uitgebreide visuele waarnemingen | C44: pakket nutrienten veldmetingen waarnemingen | E44: Gelijk aan artikelgroep basis door gebruik van POWMETSUB (Overall pakket incl waarnemingen)
A45: basis_visueel | B45: =IFERROR(VLOOKUP(A45,artikelgroepcodes!$A:$B,2,FALSE),"") -> Basispakket veldmetingen en nutriënten met uitgebreide visuele waarnemingen | C45: steekbemonstering | E45: Gelijk aan artikelgroep basis door gebruik van POWMETSUB (Overall pakket incl waarnemingen)
A46: basis_zwevend | B46: =IFERROR(VLOOKUP(A46,artikelgroepcodes!$A:$B,2,FALSE),"") -> Basispakket veldmetingen, nutriënten en zwevende bestanddelen | C46: administratie
A47: basis_zwevend | B47: =IFERROR(VLOOKUP(A47,artikelgroepcodes!$A:$B,2,FALSE),"") -> Basispakket veldmetingen, nutriënten en zwevende bestanddelen | C47: chlorofyl
A48: basis_zwevend | B48: =IFERROR(VLOOKUP(A48,artikelgroepcodes!$A:$B,2,FALSE),"") -> Basispakket veldmetingen, nutriënten en zwevende bestanddelen | C48: filtratie nutriënten
A49: basis_zwevend | B49: =IFERROR(VLOOKUP(A49,artikelgroepcodes!$A:$B,2,FALSE),"") -> Basispakket veldmetingen, nutriënten en zwevende bestanddelen | C49: ijs
A50: basis_zwevend | B50: =IFERROR(VLOOKUP(A50,artikelgroepcodes!$A:$B,2,FALSE),"") -> Basispakket veldmetingen, nutriënten en zwevende bestanddelen | C50: locatiebezoek
A51: basis_zwevend | B51: =IFERROR(VLOOKUP(A51,artikelgroepcodes!$A:$B,2,FALSE),"") -> Basispakket veldmetingen, nutriënten en zwevende bestanddelen | C51: onopgeloste stoffen
A52: basis_zwevend | B52: =IFERROR(VLOOKUP(A52,artikelgroepcodes!$A:$B,2,FALSE),"") -> Basispakket veldmetingen, nutriënten en zwevende bestanddelen | C52: pakket nutrienten veldmetingen waarnemingen
A53: basis_zwevend | B53: =IFERROR(VLOOKUP(A53,artikelgroepcodes!$A:$B,2,FALSE),"") -> Basispakket veldmetingen, nutriënten en zwevende bestanddelen | C53: steekbemonstering
A54: basis_zwevend_boot | B54: =IFERROR(VLOOKUP(A54,artikelgroepcodes!$A:$B,2,FALSE),"") -> Basispakket veldmetingen, nutriënten en zwevende bestanddelen met boot | C54: administratie
A55: basis_zwevend_boot | B55: =IFERROR(VLOOKUP(A55,artikelgroepcodes!$A:$B,2,FALSE),"") -> Basispakket veldmetingen, nutriënten en zwevende bestanddelen met boot | C55: chlorofyl
A56: basis_zwevend_boot | B56: =IFERROR(VLOOKUP(A56,artikelgroepcodes!$A:$B,2,FALSE),"") -> Basispakket veldmetingen, nutriënten en zwevende bestanddelen met boot | C56: filtratie nutriënten
A57: basis_zwevend_boot | B57: =IFERROR(VLOOKUP(A57,artikelgroepcodes!$A:$B,2,FALSE),"") -> Basispakket veldmetingen, nutriënten en zwevende bestanddelen met boot | C57: ijs
... A72: defos | B72: =IFERROR(VLOOKUP(A72,artikelgroepcodes!$A:$B,2,FALSE),"") -> Metingen voor het functioneren van de defosfatering | C72: administratie
A73: defos | B73: =IFERROR(VLOOKUP(A73,artikelgroepcodes!$A:$B,2,FALSE),"") -> Metingen voor het functioneren van de defosfatering | C73: TOC | E73: Was CZV maar CZV wordt uigefaseerd
A74: defos | B74: =IFERROR(VLOOKUP(A74,artikelgroepcodes!$A:$B,2,FALSE),"") -> Metingen voor het functioneren van de defosfatering | C74: filtratie metalen
A75: defos | B75: =IFERROR(VLOOKUP(A75,artikelgroepcodes!$A:$B,2,FALSE),"") -> Metingen voor het functioneren van de defosfatering | C75: filtratie nutriënten
A76: defos | B76: =IFERROR(VLOOKUP(A76,artikelgroepcodes!$A:$B,2,FALSE),"") -> Metingen voor het functioneren van de defosfatering | C76: fosfor totaal | E76: overlapt met Aquon-pakket
A77: defos | B77: =IFERROR(VLOOKUP(A77,artikelgroepcodes!$A:$B,2,FALSE),"") -> Metingen voor het functioneren van de defosfatering | C77: ijs
A78: defos | B78: =IFERROR(VLOOKUP(A78,artikelgroepcodes!$A:$B,2,FALSE),"") -> Metingen voor het functioneren van de defosfatering | C78: ijzer
A79: defos | B79: =IFERROR(VLOOKUP(A79,artikelgroepcodes!$A:$B,2,FALSE),"") -> Metingen voor het functioneren van de defosfatering | C79: ijzer nf
A80: defos | B80: =IFERROR(VLOOKUP(A80,artikelgroepcodes!$A:$B,2,FALSE),"") -> Metingen voor het functioneren van de defosfatering | C80: locatiebezoek
A81: defos | B81: =IFERROR(VLOOKUP(A81,artikelgroepcodes!$A:$B,2,FALSE),"") -> Metingen voor het functioneren van de defosfatering | C81: onopgeloste stoffen
A82: defos | B82: =IFERROR(VLOOKUP(A82,artikelgroepcodes!$A:$B,2,FALSE),"") -> Metingen voor het functioneren van de defosfatering | C82: orthofosfaat | E82: overlapt met Aquon-pakket
A83: defos | B83: =IFERROR(VLOOKUP(A83,artikelgroepcodes!$A:$B,2,FALSE),"") -> Metingen voor het functioneren van de defosfatering | C83: pakket veldwaarnemingen
A84: defos | B84: =IFERROR(VLOOKUP(A84,artikelgroepcodes!$A:$B,2,FALSE),"") -> Metingen voor het functioneren van de defosfatering | C84: pH | E84: overlapt met Aquon-pakket
A85: defos | B85: =IFERROR(VLOOKUP(A85,artikelgroepcodes!$A:$B,2,FALSE),"") -> Metingen voor het functioneren van de defosfatering | C85: steekbemonstering
A86: defos | B86: =IFERROR(VLOOKUP(A86,artikelgroepcodes!$A:$B,2,FALSE),"") -> Metingen voor het functioneren van de defosfatering | C86: voorbehandeling metalen
A87: defos | B87: =IFERROR(VLOOKUP(A87,artikelgroepcodes!$A:$B,2,FALSE),"") -> Metingen voor het functioneren van de defosfatering | C87: voorbehandeling metalen nf
A88: diat | B88: =IFERROR(VLOOKUP(A88,artikelgroepcodes!$A:$B,2,FALSE),"") -> Diatomeeën | C88: diatomeeën analyse
A89: diat | B89: =IFERROR(VLOOKUP(A89,artikelgroepcodes!$A:$B,2,FALSE),"") -> Diatomeeën | C89: diatomeeën monstername
A90: diepte_foto | B90: =IFERROR(VLOOKUP(A90,artikelgroepcodes!$A:$B,2,FALSE),"") -> Dieptebepaling en een foto | C90: foto
A91: diepte_foto | B91: =IFERROR(VLOOKUP(A91,artikelgroepcodes!$A:$B,2,FALSE),"") -> Dieptebepaling en een foto | C91: waterdiepte
A92: diepteprofiel | B92: =IFERROR(VLOOKUP(A92,artikelgroepcodes!$A:$B,2,FALSE),"") -> Bepaling diepteprofiel | C92: administratie
A93: diepteprofiel | B93: =IFERROR(VLOOKUP(A93,artikelgroepcodes!$A:$B,2,FALSE),"") -> Bepaling diepteprofiel | C93: pakket diepteprofiel
A94: fluoroprobe | B94: =IFERROR(VLOOKUP(A94,artikelgroepcodes!$A:$B,2,FALSE),"") -> Fluoroprobemeting | C94: fluoroprobe
A95: fosfor | B95: =IFERROR(VLOOKUP(A95,artikelgroepcodes!$A:$B,2,FALSE),"") -> Totaal fosfor | C95: administratie
A96: fosfor | B96: =IFERROR(VLOOKUP(A96,artikelgroepcodes!$A:$B,2,FALSE),"") -> Totaal fosfor | C96: fosfor totaal
... A201: onopgelost | B201: =IFERROR(VLOOKUP(A201,artikelgroepcodes!$A:$B,2,FALSE),"") -> Onopgeloste stoffen | C201: onopgeloste stoffen
A202: oud_basis | B202: =IFERROR(VLOOKUP(A202,artikelgroepcodes!$A:$B,2,FALSE),"") | C202: administratie | D202: 44434
A203: oud_basis | B203: =IFERROR(VLOOKUP(A203,artikelgroepcodes!$A:$B,2,FALSE),"") | C203: filtratie nutriënten | D203: 44434
A204: oud_basis | B204: =IFERROR(VLOOKUP(A204,artikelgroepcodes!$A:$B,2,FALSE),"") | C204: ijs | D204: 44434
A205: oud_basis | B205: =IFERROR(VLOOKUP(A205,artikelgroepcodes!$A:$B,2,FALSE),"") | C205: kroos | D205: 44434
A206: oud_basis | B206: =IFERROR(VLOOKUP(A206,artikelgroepcodes!$A:$B,2,FALSE),"") | C206: locatiebezoek | D206: 44434
A207: oud_basis | B207: =IFERROR(VLOOKUP(A207,artikelgroepcodes!$A:$B,2,FALSE),"") | C207: pakket nutrienten | D207: 44434
A208: oud_basis | B208: =IFERROR(VLOOKUP(A208,artikelgroepcodes!$A:$B,2,FALSE),"") | C208: pakket veldmetingen | D208: 44434
A209: oud_basis | B209: =IFERROR(VLOOKUP(A209,artikelgroepcodes!$A:$B,2,FALSE),"") | C209: steekbemonstering | D209: 44434
A210: oud_basis_boot | B210: =IFERROR(VLOOKUP(A210,artikelgroepcodes!$A:$B,2,FALSE),"") | C210: administratie | D210: 44434
A211: oud_basis_boot | B211: =IFERROR(VLOOKUP(A211,artikelgroepcodes!$A:$B,2,FALSE),"") | C211: filtratie nutriënten | D211: 44434
A212: oud_basis_boot | B212: =IFERROR(VLOOKUP(A212,artikelgroepcodes!$A:$B,2,FALSE),"") | C212: ijs | D212: 44434
A213: oud_basis_boot | B213: =IFERROR(VLOOKUP(A213,artikelgroepcodes!$A:$B,2,FALSE),"") | C213: kroos | D213: 44434
... A250: oud_basis_zwevend_boot | B250: =IFERROR(VLOOKUP(A250,artikelgroepcodes!$A:$B,2,FALSE),"") | C250: steekbemonstering | D250: 44434
A251: p_en_n | B251: =IFERROR(VLOOKUP(A251,artikelgroepcodes!$A:$B,2,FALSE),"") -> Fosfor en stikstof | C251: administratie
A252: p_en_n | B252: =IFERROR(VLOOKUP(A252,artikelgroepcodes!$A:$B,2,FALSE),"") -> Fosfor en stikstof | C252: fosfor totaal
A253: p_en_n | B253: =IFERROR(VLOOKUP(A253,artikelgroepcodes!$A:$B,2,FALSE),"") -> Fosfor en stikstof | C253: locatiebezoek
A254: p_en_n | B254: =IFERROR(VLOOKUP(A254,artikelgroepcodes!$A:$B,2,FALSE),"") -> Fosfor en stikstof | C254: steekbemonstering
A255: p_en_n | B255: =IFERROR(VLOOKUP(A255,artikelgroepcodes!$A:$B,2,FALSE),"") -> Fosfor en stikstof | C255: stikstof totaal
A256: pakket_metalen_nf | B256: =IFERROR(VLOOKUP(A256,artikelgroepcodes!$A:$B,2,FALSE),"") -> pakket zware metalen na filtratie | C256: filtratie metalen
A257: pakket_metalen_nf | B257: =IFERROR(VLOOKUP(A257,artikelgroepcodes!$A:$B,2,FALSE),"") -> pakket zware metalen na filtratie | C257: pakket metalen nf
A258: pakket_metalen_nf | B258: =IFERROR(VLOOKUP(A258,artikelgroepcodes!$A:$B,2,FALSE),"") -> pakket zware metalen na filtratie | C258: steekbemonstering
A259: pakket_metalen_nf | B259: =IFERROR(VLOOKUP(A259,artikelgroepcodes!$A:$B,2,FALSE),"") -> pakket zware metalen na filtratie | C259: voorbehandeling metalen nf
A260: pakket_nutrienten | B260: =IFERROR(VLOOKUP(A260,artikelgroepcodes!$A:$B,2,FALSE),"") -> Nutriëntenpakket | C260: filtratie nutriënten
A261: pakket_nutrienten | B261: =IFERROR(VLOOKUP(A261,artikelgroepcodes!$A:$B,2,FALSE),"") -> Nutriëntenpakket | C261: pakket nutrienten
A262: pfas | B262: =IFERROR(VLOOKUP(A262,artikelgroepcodes!$A:$B,2,FALSE),"") -> PFAS-pakket (Aquon) | C262: administratie
... A319: krw_metalen_2026 | B319: =IFERROR(VLOOKUP(A319,artikelgroepcodes!$A:$B,2,FALSE),"") -> KRW onderzoek metalen 2026 | C319: voorbehandeling metalen nf
B320: =IFERROR(VLOOKUP(A320,artikelgroepcodes!$A:$B,2,FALSE),"")
B321: =IFERROR(VLOOKUP(A321,artikelgroepcodes!$A:$B,2,FALSE),"")
B322: =IFERROR(VLOOKUP(A322,artikelgroepcodes!$A:$B,2,FALSE),"")
B323: =IFERROR(VLOOKUP(A323,artikelgroepcodes!$A:$B,2,FALSE),"")
B324: =IFERROR(VLOOKUP(A324,artikelgroepcodes!$A:$B,2,FALSE),"")
B325: =IFERROR(VLOOKUP(A325,artikelgroepcodes!$A:$B,2,FALSE),"")
B326: =IFERROR(VLOOKUP(A326,artikelgroepcodes!$A:$B,2,FALSE),"")
B327: =IFERROR(VLOOKUP(A327,artikelgroepcodes!$A:$B,2,FALSE),"")
B328: =IFERROR(VLOOKUP(A328,artikelgroepcodes!$A:$B,2,FALSE),"")
B329: =IFERROR(VLOOKUP(A329,artikelgroepcodes!$A:$B,2,FALSE),"")
...

Sheet artikelen
A1: artikel_naam | B1: artikel_omschrijving | C1: artikel_code | D1: analyse_aquon | E1: artikel_verkooppunten | F1: artikel_opmerking | G1: artikel_inhoudelijk | H1: artikel_hybi
A2: administratie | B2: Administratie per monster | C2: 7ADMINK01|OW_ADMINK | D2: =IFERROR(VLOOKUP(C2,pdc_ow!$C:$D,2,FALSE),"") | E2: 5 | G2: FALSE | H2: FALSE
A3: administratie extern | B3: Administratie t.b.v. uitbesteed onderzoek per monster | C3: 7ADMEXT01|OW_ADMEXT | D3: =IFERROR(VLOOKUP(C3,pdc_ow!$C:$D,2,FALSE),"") | E3: 7 | G3: FALSE | H3: FALSE
A4: arseen nf | B4: Arseen opgelost | C4: 3MET05|OW_ASNF | D4: =IFERROR(VLOOKUP(C4,pdc_ow!$C:$D,2,FALSE),"") -> OW Metalen opgelost | E4: =VLOOKUP(C4,pdc_ow!$C:$F,4,FALSE) -> 6 | G4: TRUE | H4: FALSE
A5: barium nf | B5: Barium opgelost | C5: 3MET05|OW_BANF | D5: =IFERROR(VLOOKUP(C5,pdc_ow!$C:$D,2,FALSE),"") -> OW Metalen opgelost | E5: =VLOOKUP(C5,pdc_ow!$C:$F,4,FALSE) -> 6 | G5: TRUE | H5: FALSE
A6: bemonstering fytoplankton diep | B6: Bemonstering Fytoplankton diep | C6: 7BMFYTDP01|OW_BMFYTDP | D6: =IFERROR(VLOOKUP(C6,pdc_ow!$C:$D,2,FALSE),"") -> OW Fytoplankton bemonstering (diepe meren/plassen) | E6: =VLOOKUP(C6,pdc_ow!$C:$F,4,FALSE) -> 53 | G6: FALSE | H6: FALSE
A7: bemonstering fytoplankton ondiep | B7: Bemonstering Fytoplankton ondiep | C7: 7BMFYTON01|OW_BMFYTON | D7: =IFERROR(VLOOKUP(C7,pdc_ow!$C:$D,2,FALSE),"") -> OW Fytoplankton bemonstering (sloten, kanalen, ondiepe meren/plassen) | E7: =VLOOKUP(C7,pdc_ow!$C:$F,4,FALSE) -> 4 | G7: FALSE | H7: FALSE
A8: bemonstering zooplankton diep | B8: Bemonstering Zooplankton diep | C8: 7BMZOODP01|OW_BMZOODP | D8: =IFERROR(VLOOKUP(C8,pdc_ow!$C:$D,2,FALSE),"") -> OW Zoöplankton bemonstering (diepe meren/plassen) | E8: =VLOOKUP(C8,pdc_ow!$C:$F,4,FALSE) -> 53 | G8: FALSE | H8: FALSE
A9: bemonstering zooplankton ondiep | B9: Bemonstering Zooplankton ondiep | C9: 7BMZOOON01|OW_BMZOOON | D9: =IFERROR(VLOOKUP(C9,pdc_ow!$C:$D,2,FALSE),"") -> OW Zoöplankton bemonstering (sloten, kanalen, ondiepe meren/plassen) | E9: =VLOOKUP(C9,pdc_ow!$C:$F,4,FALSE) -> 4 | G9: FALSE | H9: FALSE
A10: bemonsteringsdiepte | B10: bemonsteringsdiepte | C10: 7BEMDIEP01|OW_BEMDIEP | D10: =IFERROR(VLOOKUP(C10,pdc_ow!$C:$D,2,FALSE),"") -> OW Bemonsteringsdiepte | E10: =VLOOKUP(C10,pdc_ow!$C:$F,4,FALSE) -> 1 | G10: TRUE | H10: FALSE
A11: calcium nf | B11: Calcium opgelost | C11: 3MET05|OW_CANF | D11: =IFERROR(VLOOKUP(C11,pdc_ow!$C:$D,2,FALSE),"") -> OW Metalen opgelost | E11: =VLOOKUP(C11,pdc_ow!$C:$F,4,FALSE) -> 6 | G11: TRUE | H11: FALSE
A12: chloride | B12: Chloride | C12: 2NUTR05|OW_CLNF | D12: =IFERROR(VLOOKUP(C12,pdc_ow!$C:$D,2,FALSE),"") -> OW Nutriënten | E12: =VLOOKUP(C12,pdc_ow!$C:$F,4,FALSE) -> 7 | G12: TRUE | H12: FALSE
A13: chlorofyl | B13: Chlorofyl-a | C13: 2CHLOROF01|OW_CHLFA | D13: =IFERROR(VLOOKUP(C13,pdc_ow!$C:$D,2,FALSE),"") -> OW Chlorofyl, Faeofytine | E13: =VLOOKUP(C13,pdc_ow!$C:$F,4,FALSE) -> 21 | G13: TRUE | H13: FALSE
A14: coordinaten | B14: RD-coordinaten | C14: 7COORD01|OW_COORD | D14: =IFERROR(VLOOKUP(C14,pdc_ow!$C:$D,2,FALSE),"") -> OW X,Y coordinaat | E14: =VLOOKUP(C14,pdc_ow!$C:$F,4,FALSE) -> 2 | G14: TRUE | H14: FALSE
A15: CZV | B15: Chemisch zuurstofverbruik | C15: 3CZVCUV01|OW_CZVO2 | D15: =IFERROR(VLOOKUP(C15,pdc_ow!$C:$D,2,FALSE),"") -> OW Chemisch Zuurstofverbruik Cuvettentest | E15: =VLOOKUP(C15,pdc_ow!$C:$F,4,FALSE) -> 13 | G15: TRUE | H15: FALSE
... A17: diatomeeën monstername | B17: Bentische diatomeeën, routine monstername | C17: 5BDRMON01|OW_BDRMON | D17: =IFERROR(VLOOKUP(C17,pdc_ow!$C:$D,2,FALSE),"") -> OW Bentische diatomeeën, routine monstername | E17: =VLOOKUP(C17,pdc_ow!$C:$F,4,FALSE) -> 58 | G17: FALSE | H17: TRUE
A18: diverse radioactiviteitsparameters | B18: Diverse radioactiviteitsparameters | C18: NVT | D18: =IFERROR(VLOOKUP(C18,pdc_ow!$C:$D,2,FALSE),"") | G18: TRUE | H18: FALSE
A19: DOC | B19: DOC - opgelost organisch koolstof | C19: 3DOC01|OW_DOC | D19: =IFERROR(VLOOKUP(C19,pdc_ow!$C:$D,2,FALSE),"") -> OW DOC | E19: =VLOOKUP(C19,pdc_ow!$C:$F,4,FALSE) -> 21 | G19: TRUE | H19: FALSE
A20: feofytine | B20: Feofytine a | C20: 2CHLOROF01|OW_FEOA | D20: =IFERROR(VLOOKUP(C20,pdc_ow!$C:$D,2,FALSE),"") -> OW Chlorofyl, Faeofytine | E20: =VLOOKUP(C20,pdc_ow!$C:$F,4,FALSE) -> 4 | G20: TRUE | H20: FALSE
A21: filtratie metalen | B21: Filtratie 0,45 µm, metalen, DOC | C21: 7FILGRT01|OW_FILGRT | D21: =IFERROR(VLOOKUP(C21,pdc_ow!$C:$D,2,FALSE),"") -> OW Filtratie 0.45 µm, Groot | E21: =VLOOKUP(C21,pdc_ow!$C:$F,4,FALSE) -> 9 | G21: FALSE | H21: FALSE
A22: filtratie nutriënten | B22: Filtratie 0,45 µm, czv-nutriënten | C22: 7FILKLN01|OW_FILKLN | D22: =IFERROR(VLOOKUP(C22,pdc_ow!$C:$D,2,FALSE),"") -> OW Filtratie 0.45 µm, Klein | E22: =VLOOKUP(C22,pdc_ow!$C:$F,4,FALSE) -> 4 | G22: FALSE | H22: FALSE
A23: fluoroprobe | B23: Blauwalgen fluoroprobemeting | C23: 2BLAUWPR01|OW_FLUOROPROBE | D23: =IFERROR(VLOOKUP(C23,pdc_ow!$C:$D,2,FALSE),"") -> OW Algemeen fluoroprobemeting | E23: =VLOOKUP(C23,pdc_ow!$C:$F,4,FALSE) -> 21 | G23: TRUE | H23: FALSE
A24: fosfor totaal | B24: Fosfor totaal | C24: 3TP01|OW_PTOTP | D24: =IFERROR(VLOOKUP(C24,pdc_ow!$C:$D,2,FALSE),"") -> OW Fosfor totaal | E24: =VLOOKUP(C24,pdc_ow!$C:$F,4,FALSE) -> 13 | G24: TRUE | H24: FALSE
A25: fosfor totaal nf | B25: Fosfor totaal na filtratie | C25: 3TP05|OW_PTOTPNF | D25: =IFERROR(VLOOKUP(C25,pdc_ow!$C:$D,2,FALSE),"") -> OW Fosfor totaal na filtratie | E25: =VLOOKUP(C25,pdc_ow!$C:$F,4,FALSE) -> 13 | G25: TRUE | H25: FALSE
A26: foto | B26: Foto | C26: 7FOTOVP01|OW_FOTO | D26: =IFERROR(VLOOKUP(C26,pdc_ow!$C:$D,2,FALSE),"") -> OW Foto verplicht | E26: =VLOOKUP(C26,pdc_ow!$C:$F,4,FALSE) -> 2 | G26: TRUE | H26: FALSE
A27: fytoplankton telling | B27: Fytoplankton telling | C27: 5FYTTEL01|OW_FYTTEL | D27: =IFERROR(VLOOKUP(C27,pdc_ow!$C:$D,2,FALSE),"") -> OW Fytoplankton telling | E27: =VLOOKUP(C27,pdc_ow!$C:$F,4,FALSE) -> 126 | G27: TRUE | H27: FALSE
A28: gbm lage grenzen analysepakket | B28: gbm lage grenzen analysepakket | C28: POWLGGBM | D28: =IFERROR(VLOOKUP(C28,pdc_ow!$C:$D,2,FALSE),"") -> OW Pakket Lage Grenzen GBM LC en GC | E28: =VLOOKUP(C28,pdc_ow!$C:$F,4,FALSE) -> 310 | G28: TRUE | H28: FALSE
A29: gbm lage grenzen voorbehandeling | B29: gbm lage grenzen voorbehandeling | C29: 3VBLGGBM01|OW_VBLGGBM | D29: =IFERROR(VLOOKUP(C29,pdc_ow!$C:$D,2,FALSE),"") -> OW Voorbewerking lage grenzen gewasbeschermingsmiddelen | E29: =VLOOKUP(C29,pdc_ow!$C:$F,4,FALSE) -> 200 | G29: FALSE | H29: FALSE
A30: geleidendheid | B30: Geleidendheid bij 25oC | C30: 7EGV01|OW_EGV | D30: =IFERROR(VLOOKUP(C30,pdc_ow!$C:$D,2,FALSE),"") -> OW EGV en temperatuur | E30: =VLOOKUP(C30,pdc_ow!$C:$F,4,FALSE) -> 3 | G30: TRUE | H30: FALSE
... A35: kobalt nf | B35: Kobalt opgelost | C35: 3MET05|OW_CONF | D35: =IFERROR(VLOOKUP(C35,pdc_ow!$C:$D,2,FALSE),"") -> OW Metalen opgelost | E35: =VLOOKUP(C35,pdc_ow!$C:$F,4,FALSE) -> 6 | G35: TRUE | H35: FALSE
A36: kreeften | B36: Kreeftenonderzoek met 12 korven | D36: =IFERROR(VLOOKUP(C36,pdc_ow!$C:$D,2,FALSE),"") | E36: 172 | F36: Niet meer via Aquon | G36: TRUE | H36: TRUE
A37: kroos | B37: Kroosbedekking | C37: 7BDKROOS01|OW_BDKROOS | D37: =IFERROR(VLOOKUP(C37,pdc_ow!$C:$D,2,FALSE),"") -> OW Bedekkingsgraad kroos | E37: =VLOOKUP(C37,pdc_ow!$C:$F,4,FALSE) -> 0 | G37: TRUE | H37: FALSE
A38: lanthaan | B38: Lanthaan | C38: 3METLA01|OW_LA | D38: =IFERROR(VLOOKUP(C38,pdc_ow!$C:$D,2,FALSE),"") -> OW Lanthaan totaal | E38: =VLOOKUP(C38,pdc_ow!$C:$F,4,FALSE) -> 27 | G38: TRUE | H38: FALSE
A39: lanthaan nf | B39: Lanthaan opgelost | C39: 3METLA05|OW_LANF | D39: =IFERROR(VLOOKUP(C39,pdc_ow!$C:$D,2,FALSE),"") -> OW Lanthaan opgelost | E39: =VLOOKUP(C39,pdc_ow!$C:$F,4,FALSE) -> 27 | G39: TRUE | H39: FALSE
A40: lithium nf | B40: Lithium na filtratie | C40: 3MET05|OW_LINF | D40: =IFERROR(VLOOKUP(C40,pdc_ow!$C:$D,2,FALSE),"") -> OW Metalen opgelost | E40: =VLOOKUP(C40,pdc_ow!$C:$F,4,FALSE) -> 6 | G40: TRUE | H40: FALSE
A41: locatiebezoek | B41: Locatiebezoek in route | C41: 7LOCBZRT01|OW_LOCBZRT | D41: =IFERROR(VLOOKUP(C41,pdc_ow!$C:$D,2,FALSE),"") -> OW Locatiebezoek in route | E41: =VLOOKUP(C41,pdc_ow!$C:$F,4,FALSE) -> 15 | G41: FALSE | H41: FALSE
A42: locatiebezoek boot | B42: Locatiebezoek met boot in route | C42: 7LOCBTRT01|OW_LOCBTRT | D42: =IFERROR(VLOOKUP(C42,pdc_ow!$C:$D,2,FALSE),"") -> OW Locatiebezoek met boot in route | E42: =VLOOKUP(C42,pdc_ow!$C:$F,4,FALSE) -> 88 | G42: FALSE | H42: FALSE
A43: macrofauna bemonstering lijnvormig | B43: macrofauna bemonstering lijnvormig | C43: 5MIRLMON01|OW_MIRLMON | D43: =IFERROR(VLOOKUP(C43,pdc_ow!$C:$D,2,FALSE),"") | E43: =VLOOKUP(C43,pdc_ow!$C:$F,4,FALSE) -> #N/A | G43: TRUE | H43: TRUE
A44: macrofauna bemonstering plassen | B44: macrofauna bemonstering plassen | C44: 5MIRPMON01|OW_MIRPMON | D44: =IFERROR(VLOOKUP(C44,pdc_ow!$C:$D,2,FALSE),"") | E44: =VLOOKUP(C44,pdc_ow!$C:$F,4,FALSE) -> #N/A | G44: TRUE | H44: TRUE
A45: macrofauna determinatie lijnvormig | B45: macrofauna determinatie lijnvormig | C45: 5MILRDET01|OW_MILRDET | D45: =IFERROR(VLOOKUP(C45,pdc_ow!$C:$D,2,FALSE),"") | E45: =VLOOKUP(C45,pdc_ow!$C:$F,4,FALSE) -> #N/A | G45: TRUE | H45: TRUE
A46: macrofauna determinatie plassen | B46: macrofauna determinatie plassen | C46: 5MIRPDET01|OW_MIRPDET | D46: =IFERROR(VLOOKUP(C46,pdc_ow!$C:$D,2,FALSE),"") | E46: =VLOOKUP(C46,pdc_ow!$C:$F,4,FALSE) -> #N/A | G46: TRUE | H46: TRUE
A47: macrofauna uitzoeken lijnvormig | B47: macrofauna uitzoeken lijnvormig | C47: 5MIRLUZ01|OW_MIRLUZ | D47: =IFERROR(VLOOKUP(C47,pdc_ow!$C:$D,2,FALSE),"") | E47: =VLOOKUP(C47,pdc_ow!$C:$F,4,FALSE) -> #N/A | G47: TRUE | H47: TRUE
A48: macrofauna uitzoeken plassen | B48: macrofauna uitzoeken plassen | C48: 5MIRPUZ01|OW_MIRPUZ1 | D48: =IFERROR(VLOOKUP(C48,pdc_ow!$C:$D,2,FALSE),"") | E48: =VLOOKUP(C48,pdc_ow!$C:$F,4,FALSE) -> #N/A | G48: TRUE | H48: TRUE
... A50: macrofyten 50 m | B50: Macrofyten, 50 meter | C50: 5MF50BM01|OW_MF50BM | D50: =IFERROR(VLOOKUP(C50,pdc_ow!$C:$D,2,FALSE),"") -> OW Macrofyten, 50 meter | E50: =VLOOKUP(C50,pdc_ow!$C:$F,4,FALSE) -> 158 | G50: TRUE | H50: TRUE
A51: macrofyten vlakdekkend | B51: OW Macrofyten, vlakdekkende opname (per uur) | C51: 5MFVLAK01|OW_MFVLAK | D51: =IFERROR(VLOOKUP(C51,pdc_ow!$C:$D,2,FALSE),"") -> OW Macrofyten, vlakdekkende opname (per uur) | E51: 30 | F51: VP per locatie obv ervaring eerdere onderzoeken | G51: TRUE | H51: TRUE
A52: magnesium nf | B52: Magnesium opgelost | C52: 3MET05|OW_MGNF | D52: =IFERROR(VLOOKUP(C52,pdc_ow!$C:$D,2,FALSE),"") -> OW Metalen opgelost | E52: =VLOOKUP(C52,pdc_ow!$C:$F,4,FALSE) -> 6 | G52: TRUE | H52: FALSE
A53: natrium nf | B53: Natrium opgelost | C53: 3MET05|OW_NANF | D53: =IFERROR(VLOOKUP(C53,pdc_ow!$C:$D,2,FALSE),"") -> OW Metalen opgelost | E53: =VLOOKUP(C53,pdc_ow!$C:$F,4,FALSE) -> 6 | G53: TRUE | H53: FALSE
A54: onopgeloste stoffen | B54: Zwevende stof | C54: 2OSGLAS01|OW_OS | D54: =IFERROR(VLOOKUP(C54,pdc_ow!$C:$D,2,FALSE),"") -> OW Onopgeloste stoffen, glasvezelfilter | E54: =VLOOKUP(C54,pdc_ow!$C:$F,4,FALSE) -> 10 | G54: TRUE | H54: FALSE
A55: orthofosfaat | B55: Fosfaat [Ortho-fosfaat] | C55: 2NUTR05|OW_PO4NF | D55: =IFERROR(VLOOKUP(C55,pdc_ow!$C:$D,2,FALSE),"") -> OW Nutriënten | E55: =VLOOKUP(C55,pdc_ow!$C:$F,4,FALSE) -> 7 | G55: TRUE | H55: FALSE
A56: pakket diepteprofiel | B56: OW Pakket Diepte profiel | C56: POWDIE | D56: =IFERROR(VLOOKUP(C56,pdc_ow!$C:$D,2,FALSE),"") -> OW Pakket Diepte profiel | E56: =VLOOKUP(C56,pdc_ow!$C:$F,4,FALSE) -> 7 | G56: TRUE | H56: FALSE
A57: pakket GBM C | B57: OW Pakket Gewas Beschermingsmiddelen C | C57: 3BESTR01|OW_GBMC_2023 | D57: =IFERROR(VLOOKUP(C57,pdc_ow!$C:$D,2,FALSE),"") -> OW Gewasbeschermingsmiddelen (TQMS) | E57: =VLOOKUP(C57,pdc_ow!$C:$F,4,FALSE) -> 184 | F57: TQMS | G57: TRUE | H57: FALSE
A58: pakket GBM D | B58: OW Pakket Gewas Beschermingsmiddelen D | C58: 3GEWAS01|OW_GBMD_2023 | D58: =IFERROR(VLOOKUP(C58,pdc_ow!$C:$D,2,FALSE),"") -> OW Gewasbeschermingsmiddelen (LCGB) | E58: =VLOOKUP(C58,pdc_ow!$C:$F,4,FALSE) -> 237 | F58: LCMS: vervangt GBMA en GBMB | G58: TRUE | H58: FALSE
A59: pakket GBM glas extern | B59: LGBM Glastuinbouw | D59: =IFERROR(VLOOKUP(C59,pdc_ow!$C:$D,2,FALSE),"") | F59: Niet meer gebruiken ivm hoge kosten | G59: TRUE | H59: FALSE
A60: pakket GBM negatief | B60: Pakket Gewasbeschermingsmiddelen negatief | C60: 3LCGBMNG01|OW_LCGMBNEG | D60: =IFERROR(VLOOKUP(C60,pdc_ow!$C:$D,2,FALSE),"") -> OW Gewasbeschermingsmiddelen negatief | E60: =VLOOKUP(C60,pdc_ow!$C:$F,4,FALSE) -> 184 | F60: vervangt CFCZ | G60: TRUE | H60: FALSE
A61: pakket metalen nf | B61: Pakket zware metalen na filtratie | C61: POWMETNFB | D61: =IFERROR(VLOOKUP(C61,pdc_ow!$C:$D,2,FALSE),"") -> OW Pakket Metalen Basis (na filtratie) | E61: =VLOOKUP(C61,pdc_ow!$C:$F,4,FALSE) -> 28 | G61: TRUE | H61: FALSE
A62: pakket nutrienten | B62: OW Pakket Nutriënten | C62: POWNUT | D62: =IFERROR(VLOOKUP(C62,pdc_ow!$C:$D,2,FALSE),"") -> OW Pakket Nutriënten | E62: =VLOOKUP(C62,pdc_ow!$C:$F,4,FALSE) -> 54 | G62: TRUE | H62: FALSE
A63: pakket nutrienten en macro-ionen | B63: OW Pakket Nutriënten plus Macro-ionen | C63: POWNUTMACI | D63: =IFERROR(VLOOKUP(C63,pdc_ow!$C:$D,2,FALSE),"") -> OW Pakket Nutriënten plus Macro-ionen | E63: =VLOOKUP(C63,pdc_ow!$C:$F,4,FALSE) -> 78 | G63: TRUE | H63: FALSE
A64: pakket nutrienten veldmetingen waarnemingen | B64: Combinatiepakket nutriënten veldmetingen en -waarneming en waterstofcarbonaat | C64: POWMETSUB | D64: =IFERROR(VLOOKUP(C64,pdc_ow!$C:$D,2,FALSE),"") -> OW Pakket Overall basis | E64: =VLOOKUP(C64,pdc_ow!$C:$F,4,FALSE) -> 68 | G64: TRUE | H64: FALSE
A65: pakket veldmetingen | B65: OW Pakket veldmetingen | C65: POWVELDMT | D65: =IFERROR(VLOOKUP(C65,pdc_ow!$C:$D,2,FALSE),"") -> OW Pakket veldmetingen | E65: =VLOOKUP(C65,pdc_ow!$C:$F,4,FALSE) -> 10 | G65: TRUE | H65: FALSE
A66: pakket veldwaarnemingen | B66: OW Pakket Veldwaarnemingen | C66: POWVELDWN | D66: =IFERROR(VLOOKUP(C66,pdc_ow!$C:$D,2,FALSE),"") -> OW Pakket Veldwaarnemingen | E66: =VLOOKUP(C66,pdc_ow!$C:$F,4,FALSE) -> 0 | G66: TRUE | H66: FALSE
A67: pakket veldwaarnemingen zwemwater | B67: OW Pakket Veldwaarnemingen Zwemwater | C67: POWVELDWZW | D67: =IFERROR(VLOOKUP(C67,pdc_ow!$C:$D,2,FALSE),"") -> OW Pakket Veldwaarnemingen Zwemwater | E67: =VLOOKUP(C67,pdc_ow!$C:$F,4,FALSE) -> 0 | G67: TRUE | H67: FALSE
A68: pakket zwem nutrienten veldmetingen waarnemingen | B68: Combinatiepakket zwemwater nutriënten veldmetingen en -waarneming en waterstofcarbonaat | C68: POWMETSUBZ | D68: =IFERROR(VLOOKUP(C68,pdc_ow!$C:$D,2,FALSE),"") -> OW Pakket Overall basis icm zwemwater | E68: =VLOOKUP(C68,pdc_ow!$C:$F,4,FALSE) -> 68 | G68: TRUE | H68: FALSE
A69: pakket zwemwater | B69: OW Pakket Zwemwater regulier (Leiden) | C69: POWZWREGT | D69: =IFERROR(VLOOKUP(C69,pdc_ow!$C:$D,2,FALSE),"") -> OW Pakket Zwemwater regulier | E69: =VLOOKUP(C69,pdc_ow!$C:$F,4,FALSE) -> 54 | G69: TRUE | H69: FALSE
A70: pakket zwemwater biovolume | B70: OW Pakket Zwemwater biovolume | C70: POWZWBIOV | D70: =IFERROR(VLOOKUP(C70,pdc_ow!$C:$D,2,FALSE),"") -> OW Pakket Zwemwater biovolume | E70: =VLOOKUP(C70,pdc_ow!$C:$F,4,FALSE) -> 54 | G70: TRUE | H70: FALSE
A71: pelagische diatomeeën | B71: Pelagische diatomeeën | C71: 5PELDIA01|OW_PELDIA | D71: =IFERROR(VLOOKUP(C71,pdc_ow!$C:$D,2,FALSE),"") -> OW Pelagische diatomeeën | E71: =VLOOKUP(C71,pdc_ow!$C:$F,4,FALSE) -> 58 | G71: TRUE | H71: FALSE
A72: pfas | B72: PFAS pakket Aquon | C72: 3PFAS01|OW_PFAS | D72: =IFERROR(VLOOKUP(C72,pdc_ow!$C:$D,2,FALSE),"") -> OW PFAS water | E72: =VLOOKUP(C72,pdc_ow!$C:$F,4,FALSE) -> 254 | G72: TRUE | H72: FALSE
... A74: pH | B74: Zuurgraad | C74: 7PH01|OW_PH | D74: =IFERROR(VLOOKUP(C74,pdc_ow!$C:$D,2,FALSE),"") -> OW Zuurgraad (pH) en temperatuur | E74: =VLOOKUP(C74,pdc_ow!$C:$F,4,FALSE) -> 3 | G74: TRUE | H74: FALSE
A75: steekbemonstering | B75: steekbemonstering | C75: 7STMON01|OW_STMON | D75: =IFERROR(VLOOKUP(C75,pdc_ow!$C:$D,2,FALSE),"") -> OW Steekbemonstering | E75: =VLOOKUP(C75,pdc_ow!$C:$F,4,FALSE) -> 5 | F75: Voor fys-chem, metalen en organisch | G75: FALSE | H75: FALSE
A76: steekbemonstering_bact | B76: Steekbemonstering tbv bacteriologisch onderzoek | C76: 7STMONBC01|OW_STMONBC | D76: =IFERROR(VLOOKUP(C76,pdc_ow!$C:$D,2,FALSE),"") -> OW Steekbemonstering tbv bacteriologisch onderzoek | E76: =VLOOKUP(C76,pdc_ow!$C:$F,4,FALSE) -> 4 | G76: FALSE | H76: FALSE
A77: steekbemonstering_steekbuis | B77: Steekbemonstering met steekbuis | C77: 7STMONSB01|OW_STMONSB | D77: =IFERROR(VLOOKUP(C77,pdc_ow!$C:$D,2,FALSE),"") -> OW Steekbemonstering met steekbuis | E77: =VLOOKUP(C77,pdc_ow!$C:$F,4,FALSE) -> 8 | G77: FALSE | H77: FALSE
A78: stikstof totaal | B78: Stikstof totaal | C78: 3TN01|OW_NTOT | D78: =IFERROR(VLOOKUP(C78,pdc_ow!$C:$D,2,FALSE),"") -> OW Stikstof totaal (CFA) | E78: =VLOOKUP(C78,pdc_ow!$C:$F,4,FALSE) -> 13 | G78: TRUE | H78: FALSE
A79: thallium nf | B79: Thallium opgelost | C79: 3MET05|OW_TLNF | D79: =IFERROR(VLOOKUP(C79,pdc_ow!$C:$D,2,FALSE),"") -> OW Metalen opgelost | E79: =VLOOKUP(C79,pdc_ow!$C:$F,4,FALSE) -> 6 | G79: TRUE | H79: FALSE
A80: vanadium nf | B80: Vanadium opgelost | C80: 3MET05|OW_VNF | D80: =IFERROR(VLOOKUP(C80,pdc_ow!$C:$D,2,FALSE),"") -> OW Metalen opgelost | E80: =VLOOKUP(C80,pdc_ow!$C:$F,4,FALSE) -> 6 | G80: TRUE | H80: FALSE
A81: visstand | B81: Visstandsbemonstering | D81: =IFERROR(VLOOKUP(C81,pdc_ow!$C:$D,2,FALSE),"") | G81: TRUE | H81: TRUE
A82: voorbehandeling lanthaan | B82: OW Voorbehandeling Lanthaan totaal | C82: 3VBMETLA01|OW_INZET | D82: =IFERROR(VLOOKUP(C82,pdc_ow!$C:$D,2,FALSE),"") -> OW Voorbehandeling Lanthaan totaal | E82: =VLOOKUP(C82,pdc_ow!$C:$F,4,FALSE) -> 15 | G82: FALSE | H82: FALSE
A83: voorbehandeling lanthaan nf | B83: OW Voorbehandeling Lanthaan opgelost | C83: 3VBMETLA05|OW_INZETNF | D83: =IFERROR(VLOOKUP(C83,pdc_ow!$C:$D,2,FALSE),"") -> OW Voorbehandeling Lanthaan opgelost | E83: =VLOOKUP(C83,pdc_ow!$C:$F,4,FALSE) -> 15 | G83: FALSE | H83: FALSE
A84: voorbehandeling metalen | B84: OW VB metalen totaal | C84: 3VBMET01|OW_INZET | D84: =IFERROR(VLOOKUP(C84,pdc_ow!$C:$D,2,FALSE),"") -> OW VB metalen totaal | E84: =VLOOKUP(C84,pdc_ow!$C:$F,4,FALSE) -> 15 | G84: FALSE | H84: FALSE
A85: voorbehandeling metalen nf | B85: OW VB metalen opgelost | C85: 3VBMET05|OW_INZETNF | D85: =IFERROR(VLOOKUP(C85,pdc_ow!$C:$D,2,FALSE),"") -> OW VB metalen opgelost | E85: =VLOOKUP(C85,pdc_ow!$C:$F,4,FALSE) -> 15 | G85: FALSE | H85: FALSE
A86: waterdiepte | B86: Waterdiepte | C86: 7WTRDIEP01|OW_WTRDIEP | D86: =IFERROR(VLOOKUP(C86,pdc_ow!$C:$D,2,FALSE),"") -> OW Waterdiepte | E86: =VLOOKUP(C86,pdc_ow!$C:$F,4,FALSE) -> 1 | G86: TRUE | H86: FALSE
A87: waterstofcarbonaat | B87: waterstofcarbonaat | C87: 2CARB01|OW_HCO3 | D87: =IFERROR(VLOOKUP(C87,pdc_ow!$C:$D,2,FALSE),"") -> OW Waterstofcarbonaat | E87: =VLOOKUP(C87,pdc_ow!$C:$F,4,FALSE) -> 5 | G87: TRUE | H87: FALSE
A88: zilver nf | B88: Zilver opgelost | C88: 3MET05|OW_AGNF | D88: =IFERROR(VLOOKUP(C88,pdc_ow!$C:$D,2,FALSE),"") -> OW Metalen opgelost | E88: =VLOOKUP(C88,pdc_ow!$C:$F,4,FALSE) -> 6 | G88: TRUE | H88: FALSE
A89: zink nf | B89: Zink opgelost | C89: 3MET05|OW_ZNNF | D89: =IFERROR(VLOOKUP(C89,pdc_ow!$C:$D,2,FALSE),"") -> OW Metalen opgelost | E89: =VLOOKUP(C89,pdc_ow!$C:$F,4,FALSE) -> 6 | G89: TRUE | H89: FALSE
A90: zooplankton | B90: Zoöplankton biovolume | C90: 5ZOOBIOV01|OW_ZOOBIOV | D90: =IFERROR(VLOOKUP(C90,pdc_ow!$C:$D,2,FALSE),"") -> OW Zoöplankton biovolume | E90: =VLOOKUP(C90,pdc_ow!$C:$F,4,FALSE) -> 240 | G90: TRUE | H90: FALSE
A91: macrofauna bemonstering | B91: macrofauna bemonstering | C91: 5BMMFAOW01|OW_BMMFAOW | D91: =IFERROR(VLOOKUP(C91,pdc_ow!$C:$D,2,FALSE),"") -> OW Bemonstering macrofauna standaard | E91: =VLOOKUP(C91,pdc_ow!$C:$F,4,FALSE) -> 132 | G91: FALSE | H91: TRUE
A92: macrofauna determinatie | B92: macrofauna determinatie | C92: POWMFDET | D92: =IFERROR(VLOOKUP(C92,pdc_ow!$C:$D,2,FALSE),"") -> OW Pakket Macrofauna Determinatie standaard | E92: =VLOOKUP(C92,pdc_ow!$C:$F,4,FALSE) -> 476 | G92: TRUE | H92: TRUE
A93: macrofauna uitzoeken | B93: macrofauna uitzoeken | C93: 5UZMFAOW01|OW_UZMFAOW | D93: =IFERROR(VLOOKUP(C93,pdc_ow!$C:$D,2,FALSE),"") -> OW Uitzoeken macrofauna standaard | E93: =VLOOKUP(C93,pdc_ow!$C:$F,4,FALSE) -> 210 | G93: FALSE | H93: TRUE
A94: TOC | B94: Totaal Organisch Koolstof | C94: 3TOC01|OW_TOC | D94: =IFERROR(VLOOKUP(C94,pdc_ow!$C:$D,2,FALSE),"") -> OW TOC | E94: =VLOOKUP(C94,pdc_ow!$C:$F,4,FALSE) -> 21 | G94: TRUE | H94: FALSE

Sheet pdc_ow
A1: vakgroep | B1: matrix | C1: artikel | D1: analyse | E1: componentlijst | F1: Verkoop punten | G1: component naam | H1: WNS | I1: WNS omschrijving | J1: parameter | K1: grootheid | L1: typering | M1: eenheid | N1: hoedanigheid | O1: compartiment | P1: parameter groep | Q1: waardebepalingstechniek | R1: RVA | S1: NEN_CONF | T1: NEN_NORM | U1: U_DETECTION_LIMIT | V1: CAS_NUMBER | W1: dawaco_parnr | X1: dawaco_naam
A2: Overig | B2: OW | C2: 10AQNPNT01|OW_AQNPNT | D2: OW Servicebureau AQUON-punten | E2: Servicebureau AQUON-punten | F2: 0 | R2: - | U2: 0 | W2: =IFERROR(VLOOKUP($H2,'WNS Dawaco'!$A:$C,2,FALSE),"") | X2: =IFERROR(VLOOKUP($H2,'WNS Dawaco'!$A:$C,3,FALSE),"")
A3: Overig | B3: OW | C3: 10SPOEDT01|OW_SPOEDT120 | D3: OW Spoedtoeslag | E3: Spoedtoeslag 120 punten | F3: 120 | R3: - | U3: 0 | W3: =IFERROR(VLOOKUP($H3,'WNS Dawaco'!$A:$C,2,FALSE),"") | X3: =IFERROR(VLOOKUP($H3,'WNS Dawaco'!$A:$C,3,FALSE),"")
A4: Overig | B4: OW | C4: 10SPOEDT01|OW_SPOEDT60 | D4: OW Spoedtoeslag | E4: Spoedtoeslag 60 punten | F4: 60 | R4: - | U4: 0 | W4: =IFERROR(VLOOKUP($H4,'WNS Dawaco'!$A:$C,2,FALSE),"") | X4: =IFERROR(VLOOKUP($H4,'WNS Dawaco'!$A:$C,3,FALSE),"")
A5: Fysisch Chemisch onderzoek | B5: OW | C5: 2AMMBER05|OW_AMMBER | D5: OW Ammoniak (berekend) | E5: Ammoniak (berekend) | F5: 0 | G5: ammoniak | H5: WNS6708 | I5: [] [CONCTTE] [NH3] [mg/l] [Nnf] [OW] | J5: NH3 | K5: CONCTTE | M5: mg/l | N5: Nnf | O5: OW | P5: ChemischeStof | R5: - | T5: NEN 6644:1983 nl | U5: 0.001 | V5: 7664-41-7 | W5: =IFERROR(VLOOKUP($H5,'WNS Dawaco'!$A:$C,2,FALSE),"") -> 25 | X5: =IFERROR(VLOOKUP($H5,'WNS Dawaco'!$A:$C,3,FALSE),"") -> Ammoniak
A6: Fysisch Chemisch onderzoek | B6: OW | C6: 2BEZINK01|OW_BEZ | D6: OW Bezinksel (Imhoff) | E6: Bezinksel (Imhoff) | F6: 2 | G6: Bezinksel | H6: WNS564 | I6: [] [VOLMFTE] [BEZ] [ml/l] [NVT] [OW] | J6: BEZ | K6: VOLMFTE | M6: ml/l | N6: NVT | O6: OW | P6: Object | Q6: VOL | R6: - | T6: NEN 6623:2005 nl | U6: 0.1 | V6: NVT | W6: =IFERROR(VLOOKUP($H6,'WNS Dawaco'!$A:$C,2,FALSE),"") | X6: =IFERROR(VLOOKUP($H6,'WNS Dawaco'!$A:$C,3,FALSE),"")
A7: Fysisch Chemisch onderzoek | B7: OW | C7: 2BLAUW01|OW_FLUOROPROBE | D7: OW Blauwalgen fluoroprobemeting | E7: Blauwalgen fluoroprobemeting | F7: 21 | G7: chlorofyl-a | H7: WNS9321 | I7: [] [CONCTTE] [CHLFa] [ug/l] [diatomee] [OW] | J7: CHLFa | K7: CONCTTE | M7: ug/l | N7: diatomee | O7: OW | P7: ChemischeStof | Q7: FL | R7: - | T7: Eigen methode | U7: 2 | V7: 479-61-8 | W7: =IFERROR(VLOOKUP($H7,'WNS Dawaco'!$A:$C,2,FALSE),"") -> 418 | X7: =IFERROR(VLOOKUP($H7,'WNS Dawaco'!$A:$C,3,FALSE),"") -> Chlorofyl-a diatomee [fluoroprobe]
A8: Fysisch Chemisch onderzoek | B8: OW | C8: 2BLAUW01|OW_FLUOROPROBE | D8: OW Blauwalgen fluoroprobemeting | E8: Blauwalgen fluoroprobemeting | F8: 21 | G8: som 4 chlorofyl-a fracties | H8: WNS10409 | I8: [] [CONCTTE] [sCHLFa4] [ug/l] [NVT] [OW] | J8: sCHLFa4 | K8: CONCTTE | M8: ug/l | N8: NVT | O8: OW | P8: ChemischeStof | Q8: FL | R8: - | T8: Eigen methode | U8: 7 | V8: NVT | W8: =IFERROR(VLOOKUP($H8,'WNS Dawaco'!$A:$C,2,FALSE),"") -> 419 | X8: =IFERROR(VLOOKUP($H8,'WNS Dawaco'!$A:$C,3,FALSE),"") -> Chlorofyl-a [fluoroprobe]
A9: Fysisch Chemisch onderzoek | B9: OW | C9: 2BLAUW01|OW_FLUOROPROBE | D9: OW Blauwalgen fluoroprobemeting | E9: Blauwalgen fluoroprobemeting | F9: 21 | G9: chlorofyl-a | H9: WNS9322 | I9: [] [CONCTTE] [CHLFa] [ug/l] [cryptofy] [OW] | J9: CHLFa | K9: CONCTTE | M9: ug/l | N9: cryptofy | O9: OW | P9: ChemischeStof | Q9: FL | R9: - | T9: Eigen methode | U9: 2 | V9: 479-61-8 | W9: =IFERROR(VLOOKUP($H9,'WNS Dawaco'!$A:$C,2,FALSE),"") -> 417 | X9: =IFERROR(VLOOKUP($H9,'WNS Dawaco'!$A:$C,3,FALSE),"") -> Chlorofyl-a cryptofyten [fluoroprobe]
A10: Fysisch Chemisch onderzoek | B10: OW | C10: 2BLAUW01|OW_FLUOROPROBE | D10: OW Blauwalgen fluoroprobemeting | E10: Blauwalgen fluoroprobemeting | F10: 21 | G10: chlorofyl-a | H10: WNS9320 | I10: [] [CONCTTE] [CHLFa] [ug/l] [groenalg] [OW] | J10: CHLFa | K10: CONCTTE | M10: ug/l | N10: groenalg | O10: OW | P10: ChemischeStof | Q10: FL | R10: - | T10: Eigen methode | U10: 1 | V10: 479-61-8 | W10: =IFERROR(VLOOKUP($H10,'WNS Dawaco'!$A:$C,2,FALSE),"") -> 416 | X10: =IFERROR(VLOOKUP($H10,'WNS Dawaco'!$A:$C,3,FALSE),"") -> Chlorofyl-a groenalg [fluoroprobe]
A11: Fysisch Chemisch onderzoek | B11: OW | C11: 2BLAUW01|OW_FLUOROPROBE | D11: OW Blauwalgen fluoroprobemeting | E11: Blauwalgen fluoroprobemeting | F11: 21 | G11: chlorofyl-a | H11: WNS9253 | I11: [] [CONCTTE] [CHLFa] [ug/l] [blauwalg] [OW] | J11: CHLFa | K11: CONCTTE | M11: ug/l | N11: blauwalg | O11: OW | P11: ChemischeStof | Q11: FL | R11: - | T11: Eigen methode | U11: 2 | V11: 479-61-8 | W11: =IFERROR(VLOOKUP($H11,'WNS Dawaco'!$A:$C,2,FALSE),"") -> 415 | X11: =IFERROR(VLOOKUP($H11,'WNS Dawaco'!$A:$C,3,FALSE),"") -> Chlorofyl-a blauwalg [fluoroprobe]
A12: Fysisch Chemisch onderzoek | B12: OW | C12: 2BLAUW01|OW_FLUOROPROBE | D12: OW Blauwalgen fluoroprobemeting | E12: Blauwalgen fluoroprobemeting | F12: 21 | G12: Fluorescentie | H12: WNS13204 | I12: [] [FLUORCTE] [] [DIMSLS] [EL370nm] [OW] | K12: FLUORCTE | M12: DIMSLS | N12: EL370nm | O12: OW | P12: Grootheid | Q12: FL | R12: - | T12: Eigen methode | U12: 1 | V12: NVT | W12: =IFERROR(VLOOKUP($H12,'WNS Dawaco'!$A:$C,2,FALSE),"") -> 420 | X12: =IFERROR(VLOOKUP($H12,'WNS Dawaco'!$A:$C,3,FALSE),"") -> Humuszuren [fluoroprobe]
A13: Fysisch Chemisch onderzoek | B13: OW | C13: 2BLAUWFY01|OW_FLUOROPROBE | D13: OW Fytoplankton fluoroprobemeting | E13: Fytoplankton fluoroprobemeting | F13: 21 | G13: chlorofyl-a | H13: WNS9253 | I13: [] [CONCTTE] [CHLFa] [ug/l] [blauwalg] [OW] | J13: CHLFa | K13: CONCTTE | M13: ug/l | N13: blauwalg | O13: OW | P13: ChemischeStof | Q13: FL | R13: - | T13: Eigen methode | U13: 2 | V13: 479-61-8 | W13: =IFERROR(VLOOKUP($H13,'WNS Dawaco'!$A:$C,2,FALSE),"") -> 415 | X13: =IFERROR(VLOOKUP($H13,'WNS Dawaco'!$A:$C,3,FALSE),"") -> Chlorofyl-a blauwalg [fluoroprobe]
A14: Fysisch Chemisch onderzoek | B14: OW | C14: 2BLAUWFY01|OW_FLUOROPROBE | D14: OW Fytoplankton fluoroprobemeting | E14: Fytoplankton fluoroprobemeting | F14: 21 | G14: chlorofyl-a | H14: WNS9320 | I14: [] [CONCTTE] [CHLFa] [ug/l] [groenalg] [OW] | J14: CHLFa | K14: CONCTTE | M14: ug/l | N14: groenalg | O14: OW | P14: ChemischeStof | Q14: FL | R14: - | T14: Eigen methode | U14: 1 | V14: 479-61-8 | W14: =IFERROR(VLOOKUP($H14,'WNS Dawaco'!$A:$C,2,FALSE),"") -> 416 | X14: =IFERROR(VLOOKUP($H14,'WNS Dawaco'!$A:$C,3,FALSE),"") -> Chlorofyl-a groenalg [fluoroprobe]
A15: Fysisch Chemisch onderzoek | B15: OW | C15: 2BLAUWFY01|OW_FLUOROPROBE | D15: OW Fytoplankton fluoroprobemeting | E15: Fytoplankton fluoroprobemeting | F15: 21 | G15: chlorofyl-a | H15: WNS9321 | I15: [] [CONCTTE] [CHLFa] [ug/l] [diatomee] [OW] | J15: CHLFa | K15: CONCTTE | M15: ug/l | N15: diatomee | O15: OW | P15: ChemischeStof | Q15: FL | R15: - | T15: Eigen methode | U15: 2 | V15: 479-61-8 | W15: =IFERROR(VLOOKUP($H15,'WNS Dawaco'!$A:$C,2,FALSE),"") -> 418 | X15: =IFERROR(VLOOKUP($H15,'WNS Dawaco'!$A:$C,3,FALSE),"") -> Chlorofyl-a diatomee [fluoroprobe]
A16: Fysisch Chemisch onderzoek | B16: OW | C16: 2BLAUWFY01|OW_FLUOROPROBE | D16: OW Fytoplankton fluoroprobemeting | E16: Fytoplankton fluoroprobemeting | F16: 21 | G16: chlorofyl-a | H16: WNS9322 | I16: [] [CONCTTE] [CHLFa] [ug/l] [cryptofy] [OW] | J16: CHLFa | K16: CONCTTE | M16: ug/l | N16: cryptofy | O16: OW | P16: ChemischeStof | Q16: FL | R16: - | T16: Eigen methode | U16: 2 | V16: 479-61-8 | W16: =IFERROR(VLOOKUP($H16,'WNS Dawaco'!$A:$C,2,FALSE),"") -> 417 | X16: =IFERROR(VLOOKUP($H16,'WNS Dawaco'!$A:$C,3,FALSE),"") -> Chlorofyl-a cryptofyten [fluoroprobe]
A17: Fysisch Chemisch onderzoek | B17: OW | C17: 2BLAUWFY01|OW_FLUOROPROBE | D17: OW Fytoplankton fluoroprobemeting | E17: Fytoplankton fluoroprobemeting | F17: 21 | G17: Fluorescentie | H17: WNS13204 | I17: [] [FLUORCTE] [] [DIMSLS] [EL370nm] [OW] | K17: FLUORCTE | M17: DIMSLS | N17: EL370nm | O17: OW | P17: Grootheid | Q17: FL | R17: - | T17: Eigen methode | U17: 1 | V17: NVT | W17: =IFERROR(VLOOKUP($H17,'WNS Dawaco'!$A:$C,2,FALSE),"") -> 420 | X17: =IFERROR(VLOOKUP($H17,'WNS Dawaco'!$A:$C,3,FALSE),"") -> Humuszuren [fluoroprobe]
A18: Fysisch Chemisch onderzoek | B18: OW | C18: 2BLAUWFY01|OW_FLUOROPROBE | D18: OW Fytoplankton fluoroprobemeting | E18: Fytoplankton fluoroprobemeting | F18: 21 | G18: som 4 chlorofyl-a fracties | H18: WNS10409 | I18: [] [CONCTTE] [sCHLFa4] [ug/l] [NVT] [OW] | J18: sCHLFa4 | K18: CONCTTE | M18: ug/l | N18: NVT | O18: OW | P18: ChemischeStof | Q18: FL | R18: - | T18: Eigen methode | U18: 7 | V18: NVT | W18: =IFERROR(VLOOKUP($H18,'WNS Dawaco'!$A:$C,2,FALSE),"") -> 419 | X18: =IFERROR(VLOOKUP($H18,'WNS Dawaco'!$A:$C,3,FALSE),"") -> Chlorofyl-a [fluoroprobe]
A19: Fysisch Chemisch onderzoek | B19: OW | C19: 2BLAUWPR01|OW_FLUOROPROBE | D19: OW Algemeen fluoroprobemeting | E19: Algemeen fluoroprobemeting | F19: 21 | G19: chlorofyl-a | H19: WNS9320 | I19: [] [CONCTTE] [CHLFa] [ug/l] [groenalg] [OW] | J19: CHLFa | K19: CONCTTE | M19: ug/l | N19: groenalg | O19: OW | P19: ChemischeStof | Q19: FL | R19: - | T19: Eigen methode | U19: 1 | V19: 479-61-8 | W19: =IFERROR(VLOOKUP($H19,'WNS Dawaco'!$A:$C,2,FALSE),"") -> 416 | X19: =IFERROR(VLOOKUP($H19,'WNS Dawaco'!$A:$C,3,FALSE),"") -> Chlorofyl-a groenalg [fluoroprobe]
A20: Fysisch Chemisch onderzoek | B20: OW | C20: 2BLAUWPR01|OW_FLUOROPROBE | D20: OW Algemeen fluoroprobemeting | E20: Algemeen fluoroprobemeting | F20: 21 | G20: som 4 chlorofyl-a fracties | H20: WNS10409 | I20: [] [CONCTTE] [sCHLFa4] [ug/l] [NVT] [OW] | J20: sCHLFa4 | K20: CONCTTE | M20: ug/l | N20: NVT | O20: OW | P20: ChemischeStof | Q20: FL | R20: - | T20: Eigen methode | U20: 7 | V20: NVT | W20: =IFERROR(VLOOKUP($H20,'WNS Dawaco'!$A:$C,2,FALSE),"") -> 419 | X20: =IFERROR(VLOOKUP($H20,'WNS Dawaco'!$A:$C,3,FALSE),"") -> Chlorofyl-a [fluoroprobe]
A21: Fysisch Chemisch onderzoek | B21: OW | C21: 2BLAUWPR01|OW_FLUOROPROBE | D21: OW Algemeen fluoroprobemeting | E21: Algemeen fluoroprobemeting | F21: 21 | G21: Fluorescentie | H21: WNS13204 | I21: [] [FLUORCTE] [] [DIMSLS] [EL370nm] [OW] | K21: FLUORCTE | M21: DIMSLS | N21: EL370nm | O21: OW | P21: Grootheid | Q21: FL | R21: - | T21: Eigen methode | U21: 1 | V21: NVT | W21: =IFERROR(VLOOKUP($H21,'WNS Dawaco'!$A:$C,2,FALSE),"") -> 420 | X21: =IFERROR(VLOOKUP($H21,'WNS Dawaco'!$A:$C,3,FALSE),"") -> Humuszuren [fluoroprobe]
A22: Fysisch Chemisch onderzoek | B22: OW | C22: 2BLAUWPR01|OW_FLUOROPROBE | D22: OW Algemeen fluoroprobemeting | E22: Algemeen fluoroprobemeting | F22: 21 | G22: chlorofyl-a | H22: WNS9322 | I22: [] [CONCTTE] [CHLFa] [ug/l] [cryptofy] [OW] | J22: CHLFa | K22: CONCTTE | M22: ug/l | N22: cryptofy | O22: OW | P22: ChemischeStof | Q22: FL | R22: - | T22: Eigen methode | U22: 2 | V22: 479-61-8 | W22: =IFERROR(VLOOKUP($H22,'WNS Dawaco'!$A:$C,2,FALSE),"") -> 417 | X22: =IFERROR(VLOOKUP($H22,'WNS Dawaco'!$A:$C,3,FALSE),"") -> Chlorofyl-a cryptofyten [fluoroprobe]
A23: Fysisch Chemisch onderzoek | B23: OW | C23: 2BLAUWPR01|OW_FLUOROPROBE | D23: OW Algemeen fluoroprobemeting | E23: Algemeen fluoroprobemeting | F23: 21 | G23: chlorofyl-a | H23: WNS9253 | I23: [] [CONCTTE] [CHLFa] [ug/l] [blauwalg] [OW] | J23: CHLFa | K23: CONCTTE | M23: ug/l | N23: blauwalg | O23: OW | P23: ChemischeStof | Q23: FL | R23: - | T23: Eigen methode | U23: 2 | V23: 479-61-8 | W23: =IFERROR(VLOOKUP($H23,'WNS Dawaco'!$A:$C,2,FALSE),"") -> 415 | X23: =IFERROR(VLOOKUP($H23,'WNS Dawaco'!$A:$C,3,FALSE),"") -> Chlorofyl-a blauwalg [fluoroprobe]
A24: Fysisch Chemisch onderzoek | B24: OW | C24: 2BLAUWPR01|OW_FLUOROPROBE | D24: OW Algemeen fluoroprobemeting | E24: Algemeen fluoroprobemeting | F24: 21 | G24: chlorofyl-a | H24: WNS9321 | I24: [] [CONCTTE] [CHLFa] [ug/l] [diatomee] [OW] | J24: CHLFa | K24: CONCTTE | M24: ug/l | N24: diatomee | O24: OW | P24: ChemischeStof | Q24: FL | R24: - | T24: Eigen methode | U24: 2 | V24: 479-61-8 | W24: =IFERROR(VLOOKUP($H24,'WNS Dawaco'!$A:$C,2,FALSE),"") -> 418 | X24: =IFERROR(VLOOKUP($H24,'WNS Dawaco'!$A:$C,3,FALSE),"") -> Chlorofyl-a diatomee [fluoroprobe]
A25: Fysisch Chemisch onderzoek | B25: OW | C25: 2BZV01|OW_BZV5A | D25: OW Biochemisch zuurstofverbruik, BZV na 5 dagen | E25: Biochemisch zuurstofverbruik, BZV na 5 dagen (verdunde methode) | F25: 14 | G25: Biochemisch zuurstofverbruik met allylthioureum | H25: WNS2864 | I25: [] [CONCTTE] [BZV5a] [mg/l] [O2] [OW] | J25: BZV5a | K25: CONCTTE | M25: mg/l | N25: O2 | O25: OW | P25: ChemischeStof | Q25: LDO | R25: Q | S25: GELIJK | T25: NEN-EN-ISO 5815-1:2019 en | U25: 1 | V25: NVT | W25: =IFERROR(VLOOKUP($H25,'WNS Dawaco'!$A:$C,2,FALSE),"") -> 19 | X25: =IFERROR(VLOOKUP($H25,'WNS Dawaco'!$A:$C,3,FALSE),"") -> Biochemisch zuurstofverbruik in 5 dagen met allylthioureum
A26: Fysisch Chemisch onderzoek | B26: OW | C26: 2CARB01|OW_CO3 | D26: OW Waterstofcarbonaat | E26: Carbonaat | F26: 5 | G26: Carbonaat | H26: WNS6311 | I26: [] [CONCTTE] [CO3] [mg/l] [NVT] [OW] | J26: CO3 | K26: CONCTTE | M26: mg/l | N26: NVT | O26: OW | P26: ChemischeStof | Q26: TITM | R26: - | T26: Eigen methode | U26: 4 | V26: 3812-32-6 | W26: =IFERROR(VLOOKUP($H26,'WNS Dawaco'!$A:$C,2,FALSE),"") -> 31 | X26: =IFERROR(VLOOKUP($H26,'WNS Dawaco'!$A:$C,3,FALSE),"") -> Carbonaat
A27: Fysisch Chemisch onderzoek | B27: OW | C27: 2CARB01|OW_HCO3 | D27: OW Waterstofcarbonaat | E27: Waterstofcarbonaat | F27: 5 | G27: waterstofcarbonaat | H27: WNS2305 | I27: [] [CONCTTE] [HCO3] [mg/l] [NVT] [OW] | J27: HCO3 | K27: CONCTTE | M27: mg/l | N27: NVT | O27: OW | P27: ChemischeStof | Q27: TITM | R27: - | T27: Eigen methode | U27: 4 | V27: 71-52-3 | W27: =IFERROR(VLOOKUP($H27,'WNS Dawaco'!$A:$C,2,FALSE),"") -> 24 | X27: =IFERROR(VLOOKUP($H27,'WNS Dawaco'!$A:$C,3,FALSE),"") -> Waterstofcarbonaat
A28: Fysisch Chemisch onderzoek | B28: OW | C28: 2CHLOROF01|OW_CHLFA | D28: OW Chlorofyl, Faeofytine | E28: Chlorofyl | F28: 21 | G28: Chlorofyl-a | H28: WNS2260 | I28: [] [CONCTTE] [CHLFa] [ug/l] [NVT] [OW] | J28: CHLFa | K28: CONCTTE | M28: ug/l | N28: NVT | O28: OW | P28: ChemischeStof | Q28: UV/VIS | R28: Q | S28: GELIJK | T28: NEN 6520:2006+C1:2011 nl | U28: 3 | V28: 479-61-8 | W28: =IFERROR(VLOOKUP($H28,'WNS Dawaco'!$A:$C,2,FALSE),"") -> 15 | X28: =IFERROR(VLOOKUP($H28,'WNS Dawaco'!$A:$C,3,FALSE),"") -> Chlorofyl-a
A29: Fysisch Chemisch onderzoek | B29: OW | C29: 2CHLOROF01|OW_FEOA | D29: OW Chlorofyl, Faeofytine | E29: Faeofytine | F29: 4 | G29: Feofytine a | H29: WNS2702 | I29: [] [CONCTTE] [FEOa] [ug/l] [NVT] [OW] | J29: FEOa | K29: CONCTTE | M29: ug/l | N29: NVT | O29: OW | P29: ChemischeStof | Q29: UV/VIS | R29: Q | S29: GELIJK | T29: NEN 6520:2006+C1:2011 nl | U29: 5 | V29: NVT | W29: =IFERROR(VLOOKUP($H29,'WNS Dawaco'!$A:$C,2,FALSE),"") -> 16 | X29: =IFERROR(VLOOKUP($H29,'WNS Dawaco'!$A:$C,3,FALSE),"") -> Feofytine a
A30: Fysisch Chemisch onderzoek | B30: OW | C30: 2CRVICUV01|OW_CrVI | D30: OW Chroom VI Cuvettentest | E30: Chroom VI Cuvettentest | F30: 21 | G30: chroom (zeswaardig) | H30: WNS10044 | I30: [] [CONCTTE] [CrVI] [mg/l] [NVT] [OW] | J30: CrVI | K30: CONCTTE | M30: mg/l | N30: NVT | O30: OW | P30: ChemischeStof | Q30: CUVT | R30: - | T30: Eigen methode | U30: 0.03 | V30: 18540-29-9 | W30: =IFERROR(VLOOKUP($H30,'WNS Dawaco'!$A:$C,2,FALSE),"") | X30: =IFERROR(VLOOKUP($H30,'WNS Dawaco'!$A:$C,3,FALSE),"")
A31: Fysisch Chemisch onderzoek | B31: OW | C31: 2EGV01|OW_GELDHD | D31: OW Geleidbaarheid (EGV, gecorrigeerd naar 25 °C door EGV-meter) | E31: Geleidbaarheid (EGV, gecorrigeerd naar 25 °C door EGV-meter), Laboratorium | F31: 3 | G31: Geleidendheid | H31: WNS7128 | I31: [] [GELDHD] [] [uS/cm] [25oC] [OW] | K31: GELDHD | M31: uS/cm | N31: 25oC | O31: OW | P31: Grootheid | Q31: COND | R31: Q | S31: CONFORM | T31: NEN-ISO 7888:1994 en | U31: 10 | W31: =IFERROR(VLOOKUP($H31,'WNS Dawaco'!$A:$C,2,FALSE),"") -> 9 | X31: =IFERROR(VLOOKUP($H31,'WNS Dawaco'!$A:$C,3,FALSE),"") -> Geleidendheid bij 25oC
A32: Fysisch Chemisch onderzoek | B32: OW | C32: 2EGV01|OW_GELDHD | D32: OW Geleidbaarheid (EGV, gecorrigeerd naar 25 °C door EGV-meter) | E32: Geleidbaarheid (EGV, gecorrigeerd naar 25 °C door EGV-meter), Laboratorium | F32: 3 | G32: Temperatuur | K32: T | M32: oC | N32: NVT | O32: OW | P32: Grootheid | Q32: COND | R32: - | U32: 0 | W32: =IFERROR(VLOOKUP($H32,'WNS Dawaco'!$A:$C,2,FALSE),"") | X32: =IFERROR(VLOOKUP($H32,'WNS Dawaco'!$A:$C,3,FALSE),"")
A33: Fysisch Chemisch onderzoek | B33: OW | C33: 2EXT25401|OW_EXT254 | D33: OW Extinctie 254nm | E33: Extinctie 254nm | F33: 15 | G33: Extinctie | H33: WNS9998 | I33: [] [E] [] [DIMSLS] [L254nm] [OW] | K33: E | M33: DIMSLS | N33: L254nm | O33: OW | P33: Grootheid | Q33: UV/VIS | R33: - | T33: Eigen methode | U33: 0 | W33: =IFERROR(VLOOKUP($H33,'WNS Dawaco'!$A:$C,2,FALSE),"") | X33: =IFERROR(VLOOKUP($H33,'WNS Dawaco'!$A:$C,3,FALSE),"")
A34: Fysisch Chemisch onderzoek | B34: OW | C34: 2EXT38001|OW_EXT380 | D34: OW Extinctie 380nm | E34: Extinctie 380nm | F34: 6 | G34: Extinctie | H34: WNS999 | I34: [] [E] [] [DIMSLS] [L380nm] [OW] | K34: E | M34: DIMSLS | N34: L380nm | O34: OW | P34: Grootheid | Q34: UV/VIS | R34: - | T34: Eigen methode | U34: 0.01 | W34: =IFERROR(VLOOKUP($H34,'WNS Dawaco'!$A:$C,2,FALSE),"") | X34: =IFERROR(VLOOKUP($H34,'WNS Dawaco'!$A:$C,3,FALSE),"")
A35: Fysisch Chemisch onderzoek | B35: OW | C35: 2FEIICUV01|OW_FeII | D35: OW Ijzer II Cuvettentest | E35: Ijzer II Cuvettentest | F35: 21 | G35: ijzer (tweewaardig) | H35: WNS1048 | I35: [] [CONCTTE] [FeII] [mg/l] [NVT] [OW] | J35: FeII | K35: CONCTTE | M35: mg/l | N35: NVT | O35: OW | P35: ChemischeStof | Q35: CUVT | R35: - | T35: Eigen methode | U35: 0.2 | V35: 15438-31-0 | W35: =IFERROR(VLOOKUP($H35,'WNS Dawaco'!$A:$C,2,FALSE),"") -> 222 | X35: =IFERROR(VLOOKUP($H35,'WNS Dawaco'!$A:$C,3,FALSE),"") -> ijzer (tweewaardig)
A36: Fysisch Chemisch onderzoek | B36: OW | C36: 2FILLAB01|OW_FILLAB | D36: OW Filtratie AQ054 op lab | E36: Filtratie AQ054 op lab | F36: 15 | R36: - | U36: 0 | W36: =IFERROR(VLOOKUP($H36,'WNS Dawaco'!$A:$C,2,FALSE),"") | X36: =IFERROR(VLOOKUP($H36,'WNS Dawaco'!$A:$C,3,FALSE),"")
A37: Fysisch Chemisch onderzoek | B37: OW | C37: 2FILLB3101|OW_FILLB31 | D37: OW Filtratie AQ031 op lab | E37: Filtratie AQ031 op lab | F37: 15 | R37: - | U37: 0 | W37: =IFERROR(VLOOKUP($H37,'WNS Dawaco'!$A:$C,2,FALSE),"") | X37: =IFERROR(VLOOKUP($H37,'WNS Dawaco'!$A:$C,3,FALSE),"")
A38: Overig | B38: OW | C38: 2FLS1701|OW_FLS1701 | D38: OW Extra fles AQ017 | E38: Extra fles AQ017 | F38: 0 | M38: DIMSLS | R38: - | U38: 0 | W38: =IFERROR(VLOOKUP($H38,'WNS Dawaco'!$A:$C,2,FALSE),"") | X38: =IFERROR(VLOOKUP($H38,'WNS Dawaco'!$A:$C,3,FALSE),"")
A39: Overig | B39: OW | C39: 2FLS2001|OW_FLS2001 | D39: OW Extra fles AQ020 | E39: Exttra fles AQ020 | F39: 0 | M39: DIMSLS | R39: - | U39: 0 | W39: =IFERROR(VLOOKUP($H39,'WNS Dawaco'!$A:$C,2,FALSE),"") | X39: =IFERROR(VLOOKUP($H39,'WNS Dawaco'!$A:$C,3,FALSE),"")
A40: Overig | B40: OW | C40: 2FLS2301|OW_FLS23 | D40: OW Extra fles AQ023 | E40: Extra fles AQ023 | F40: 0 | M40: DIMSLS | R40: - | U40: 0 | W40: =IFERROR(VLOOKUP($H40,'WNS Dawaco'!$A:$C,2,FALSE),"") | X40: =IFERROR(VLOOKUP($H40,'WNS Dawaco'!$A:$C,3,FALSE),"")
A41: Overig | B41: OW | C41: 2FLS5101|OW_FLS51 | D41: OW Extra fles AQ051 | E41: Extra fles AQ051 | F41: 0 | M41: DIMSLS | R41: - | U41: 0 | W41: =IFERROR(VLOOKUP($H41,'WNS Dawaco'!$A:$C,2,FALSE),"") | X41: =IFERROR(VLOOKUP($H41,'WNS Dawaco'!$A:$C,3,FALSE),"")
A42: Overig | B42: OW | C42: 2FLS5401|OW_FLS54 | D42: OW Extra fles AQ054 | E42: Extra fles AQ054 | F42: 0 | M42: DIMSLS | R42: - | U42: 0 | W42: =IFERROR(VLOOKUP($H42,'WNS Dawaco'!$A:$C,2,FALSE),"") | X42: =IFERROR(VLOOKUP($H42,'WNS Dawaco'!$A:$C,3,FALSE),"")
A43: Fysisch Chemisch onderzoek | B43: OW | C43: 2IR01|OW_GR | D43: OW Droge Stof (Indamprest) en gloeirest | E43: Gloeirest van de indamprest | F43: 6 | G43: Gloeirest | H43: WNS7385 | I43: [] [MASSFTE] [GR] [%] [dg] [OW] | J43: GR | K43: MASSFTE | M43: % | N43: dg | O43: OW | P43: Object | Q43: GRAV | R43: - | T43: NEN-EN 12879:2001 en | U43: 10 | V43: NVT | W43: =IFERROR(VLOOKUP($H43,'WNS Dawaco'!$A:$C,2,FALSE),"") -> 18 | X43: =IFERROR(VLOOKUP($H43,'WNS Dawaco'!$A:$C,3,FALSE),"") -> Gloeirest van zwevend stof
A44: Fysisch Chemisch onderzoek | B44: OW | C44: 2IR01|OW_IR | D44: OW Droge Stof (Indamprest) en gloeirest | E44: Droge Stof (Indamprest) | F44: 6 | G44: Droge stof | H44: WNS7919 | I44: [] [CONCTTE] [DS] [mg/l] [NVT] [OW] | J44: DS | K44: CONCTTE | M44: mg/l | N44: NVT | O44: OW | P44: Object | Q44: GRAV | R44: - | T44: NEN-EN 12880:2001 en | U44: 100 | V44: NVT | W44: =IFERROR(VLOOKUP($H44,'WNS Dawaco'!$A:$C,2,FALSE),"") | X44: =IFERROR(VLOOKUP($H44,'WNS Dawaco'!$A:$C,3,FALSE),"")
A45: Organisch onderzoek | B45: OW | C45: 2MINOLFR01|OW_MNRLOLE_FRACTIES | D45: OW Minerale olie fractie bepaling | E45: Minerale olie fractie bepaling | F45: 10 | G45: minerale olie | H45: WNS8211 | I45: [] [CONCTTE] [minrlole] [ug/l] [C10C12] [OW] | J45: minrlole | K45: CONCTTE | M45: ug/l | N45: C10C12 | O45: OW | P45: ChemischeStof | Q45: GC-FID | R45: - | T45: Eigen methode | U45: 6.25 | V45: 8042-47-5 | W45: =IFERROR(VLOOKUP($H45,'WNS Dawaco'!$A:$C,2,FALSE),"") | X45: =IFERROR(VLOOKUP($H45,'WNS Dawaco'!$A:$C,3,FALSE),"")
A46: Organisch onderzoek | B46: OW | C46: 2MINOLFR01|OW_MNRLOLE_FRACTIES | D46: OW Minerale olie fractie bepaling | E46: Minerale olie fractie bepaling | F46: 10 | G46: minerale olie | H46: WNS8213 | I46: [] [CONCTTE] [minrlole] [ug/l] [C12C16] [OW] | J46: minrlole | K46: CONCTTE | M46: ug/l | N46: C12C16 | O46: OW | P46: ChemischeStof | Q46: GC-FID | R46: - | T46: Eigen methode | U46: 6.25 | V46: 8042-47-5 | W46: =IFERROR(VLOOKUP($H46,'WNS Dawaco'!$A:$C,2,FALSE),"") | X46: =IFERROR(VLOOKUP($H46,'WNS Dawaco'!$A:$C,3,FALSE),"")
A47: Organisch onderzoek | B47: OW | C47: 2MINOLFR01|OW_MNRLOLE_FRACTIES | D47: OW Minerale olie fractie bepaling | E47: Minerale olie fractie bepaling | F47: 10 | G47: minerale olie | H47: WNS8214 | I47: [] [CONCTTE] [minrlole] [ug/l] [C16C20] [OW] | J47: minrlole | K47: CONCTTE | M47: ug/l | N47: C16C20 | O47: OW | P47: ChemischeStof | Q47: GC-FID | R47: - | T47: Eigen methode | U47: 6.25 | V47: 8042-47-5 | W47: =IFERROR(VLOOKUP($H47,'WNS Dawaco'!$A:$C,2,FALSE),"") | X47: =IFERROR(VLOOKUP($H47,'WNS Dawaco'!$A:$C,3,FALSE),"")
A48: Organisch onderzoek | B48: OW | C48: 2MINOLFR01|OW_MNRLOLE_FRACTIES | D48: OW Minerale olie fractie bepaling | E48: Minerale olie fractie bepaling | F48: 10 | G48: minerale olie | H48: WNS8215 | I48: [] [CONCTTE] [minrlole] [ug/l] [C20C24] [OW] | J48: minrlole | K48: CONCTTE | M48: ug/l | N48: C20C24 | O48: OW | P48: ChemischeStof | Q48: GC-FID | R48: - | T48: Eigen methode | U48: 6.25 | V48: 8042-47-5 | W48: =IFERROR(VLOOKUP($H48,'WNS Dawaco'!$A:$C,2,FALSE),"") | X48: =IFERROR(VLOOKUP($H48,'WNS Dawaco'!$A:$C,3,FALSE),"")
A49: Organisch onderzoek | B49: OW | C49: 2MINOLFR01|OW_MNRLOLE_FRACTIES | D49: OW Minerale olie fractie bepaling | E49: Minerale olie fractie bepaling | F49: 10 | G49: minerale olie | H49: WNS8216 | I49: [] [CONCTTE] [minrlole] [ug/l] [C24C28] [OW] | J49: minrlole | K49: CONCTTE | M49: ug/l | N49: C24C28 | O49: OW | P49: ChemischeStof | Q49: GC-FID | R49: - | T49: Eigen methode | U49: 6.25 | V49: 8042-47-5 | W49: =IFERROR(VLOOKUP($H49,'WNS Dawaco'!$A:$C,2,FALSE),"") | X49: =IFERROR(VLOOKUP($H49,'WNS Dawaco'!$A:$C,3,FALSE),"")
A50: Organisch onderzoek | B50: OW | C50: 2MINOLFR01|OW_MNRLOLE_FRACTIES | D50: OW Minerale olie fractie bepaling | E50: Minerale olie fractie bepaling | F50: 10 | G50: minerale olie | H50: WNS8217 | I50: [] [CONCTTE] [minrlole] [ug/l] [C28C32] [OW] | J50: minrlole | K50: CONCTTE | M50: ug/l | N50: C28C32 | O50: OW | P50: ChemischeStof | Q50: GC-FID | R50: - | T50: Eigen methode | U50: 6.25 | V50: 8042-47-5 | W50: =IFERROR(VLOOKUP($H50,'WNS Dawaco'!$A:$C,2,FALSE),"") | X50: =IFERROR(VLOOKUP($H50,'WNS Dawaco'!$A:$C,3,FALSE),"")
A51: Organisch onderzoek | B51: OW | C51: 2MINOLFR01|OW_MNRLOLE_FRACTIES | D51: OW Minerale olie fractie bepaling | E51: Minerale olie fractie bepaling | F51: 10 | G51: minerale olie | H51: WNS8218 | I51: [] [CONCTTE] [minrlole] [ug/l] [C32C36] [OW] | J51: minrlole | K51: CONCTTE | M51: ug/l | N51: C32C36 | O51: OW | P51: ChemischeStof | Q51: GC-FID | R51: - | T51: Eigen methode | U51: 6.25 | V51: 8042-47-5 | W51: =IFERROR(VLOOKUP($H51,'WNS Dawaco'!$A:$C,2,FALSE),"") | X51: =IFERROR(VLOOKUP($H51,'WNS Dawaco'!$A:$C,3,FALSE),"")
A52: Organisch onderzoek | B52: OW | C52: 2MINOLFR01|OW_MNRLOLE_FRACTIES | D52: OW Minerale olie fractie bepaling | E52: Minerale olie fractie bepaling | F52: 10 | G52: minerale olie | H52: WNS8219 | I52: [] [CONCTTE] [minrlole] [ug/l] [C36C40] [OW] | J52: minrlole | K52: CONCTTE | M52: ug/l | N52: C36C40 | O52: OW | P52: ChemischeStof | Q52: GC-FID | R52: - | T52: Eigen methode | U52: 6.25 | V52: 8042-47-5 | W52: =IFERROR(VLOOKUP($H52,'WNS Dawaco'!$A:$C,2,FALSE),"") | X52: =IFERROR(VLOOKUP($H52,'WNS Dawaco'!$A:$C,3,FALSE),"")
A53: Organisch onderzoek | B53: OW | C53: 2MINOLID01|OW_MINOLID | D53: OW Minerale olie identificatie | E53: Minerale olie identificatie | F53: 10 | Q53: GC-FID | R53: - | U53: 0 | W53: =IFERROR(VLOOKUP($H53,'WNS Dawaco'!$A:$C,2,FALSE),"") | X53: =IFERROR(VLOOKUP($H53,'WNS Dawaco'!$A:$C,3,FALSE),"")
A54: Organisch onderzoek | B54: OW | C54: 2MINOLIE01|OW_MINRLOLE | D54: OW Minerale olie | E54: Minerale olie | F54: 63 | G54: minerale olie | H54: WNS3872 | I54: [] [CONCTTE] [minrlole] [mg/l] [NVT] [OW] | J54: minrlole | K54: CONCTTE | M54: mg/l | N54: NVT | O54: OW | P54: ChemischeStof | Q54: GC-FID | R54: Q | S54: CONFORM | T54: NEN-EN-ISO 9377-2:2000 en | U54: 0.05 | V54: 8042-47-5 | W54: =IFERROR(VLOOKUP($H54,'WNS Dawaco'!$A:$C,2,FALSE),"") | X54: =IFERROR(VLOOKUP($H54,'WNS Dawaco'!$A:$C,3,FALSE),"")
A55: Fysisch Chemisch onderzoek | B55: OW | C55: 2NUTR01|OW_PO4P | D55: OW Nutriënten (ruw) | E55: Orthofosfaat ruw | F55: 6 | G55: fosfaat | H55: WNS2363 | I55: [] [CONCTTE] [PO4] [mg/l] [P] [OW] | J55: PO4 | K55: CONCTTE | M55: mg/l | N55: P | O55: OW | P55: ChemischeStof | Q55: DA | R55: Q | S55: CONFORM | T55: NEN-ISO 15923-1:2013 en | U55: 0.006 | V55: 14265-44-2 | W55: =IFERROR(VLOOKUP($H55,'WNS Dawaco'!$A:$C,2,FALSE),"") -> 2 | X55: =IFERROR(VLOOKUP($H55,'WNS Dawaco'!$A:$C,3,FALSE),"") -> Fosfaat [Ortho-fosfaat]
A56: Fysisch Chemisch onderzoek | B56: OW | C56: 2NUTR05|OW_CLNF | D56: OW Nutriënten | E56: Chloride | F56: 7 | G56: chloride | H56: WNS3882 | I56: [] [CONCTTE] [Cl] [mg/l] [nf] [OW] | J56: Cl | K56: CONCTTE | M56: mg/l | N56: nf | O56: OW | P56: ChemischeStof | Q56: DA | R56: Q | S56: CONFORM | T56: NEN-ISO 15923-1:2013 en | U56: 5 | V56: 16887-00-6 | W56: =IFERROR(VLOOKUP($H56,'WNS Dawaco'!$A:$C,2,FALSE),"") -> 1 | X56: =IFERROR(VLOOKUP($H56,'WNS Dawaco'!$A:$C,3,FALSE),"") -> Chloride
A57: Fysisch Chemisch onderzoek | B57: OW | C57: 2NUTR05|OW_NH4NNF | D57: OW Nutriënten | E57: Ammonium | F57: 7 | G57: ammonium | H57: WNS2337 | I57: [] [CONCTTE] [NH4] [mg/l] [Nnf] [OW] | J57: NH4 | K57: CONCTTE | M57: mg/l | N57: Nnf | O57: OW | P57: ChemischeStof | Q57: DA | R57: Q | S57: CONFORM | T57: NEN-ISO 15923-1:2013 en | U57: 0.03 | V57: 14798-03-9 | W57: =IFERROR(VLOOKUP($H57,'WNS Dawaco'!$A:$C,2,FALSE),"") -> 4 | X57: =IFERROR(VLOOKUP($H57,'WNS Dawaco'!$A:$C,3,FALSE),"") -> Ammonium
A58: Fysisch Chemisch onderzoek | B58: OW | C58: 2NUTR05|OW_NO2NNF | D58: OW Nutriënten | E58: Nitriet | F58: 7 | G58: nitriet | H58: WNS2752 | I58: [] [CONCTTE] [NO2] [mg/l] [Nnf] [OW] | J58: NO2 | K58: CONCTTE | M58: mg/l | N58: Nnf | O58: OW | P58: ChemischeStof | Q58: DA | R58: Q | S58: CONFORM | T58: NEN-ISO 15923-1:2013 en | U58: 0.01 | V58: 14797-65-0 | W58: =IFERROR(VLOOKUP($H58,'WNS Dawaco'!$A:$C,2,FALSE),"") -> 26 | X58: =IFERROR(VLOOKUP($H58,'WNS Dawaco'!$A:$C,3,FALSE),"") -> Nitriet
A59: Fysisch Chemisch onderzoek | B59: OW | C59: 2NUTR05|OW_NO3NNF | D59: OW Nutriënten | E59: Nitraat | F59: 0 | G59: nitraat | H59: WNS2753 | I59: [] [CONCTTE] [NO3] [mg/l] [Nnf] [OW] | J59: NO3 | K59: CONCTTE | M59: mg/l | N59: Nnf | O59: OW | P59: ChemischeStof | Q59: DA | R59: Q | S59: CONFORM | T59: NEN-ISO 15923-1:2013 en | U59: 0.03 | V59: 14797-55-8 | W59: =IFERROR(VLOOKUP($H59,'WNS Dawaco'!$A:$C,2,FALSE),"") -> 27 | X59: =IFERROR(VLOOKUP($H59,'WNS Dawaco'!$A:$C,3,FALSE),"") -> Nitraat
A60: Fysisch Chemisch onderzoek | B60: OW | C60: 2NUTR05|OW_PO4NF | D60: OW Nutriënten | E60: Fosfaat | F60: 7 | G60: fosfaat | H60: WNS2786 | I60: [] [CONCTTE] [PO4] [mg/l] [Pnf] [OW] | J60: PO4 | K60: CONCTTE | M60: mg/l | N60: Pnf | O60: OW | P60: ChemischeStof | Q60: DA | R60: Q | S60: CONFORM | T60: NEN-ISO 15923-1:2013 en | U60: 0.006 | V60: 14265-44-2 | W60: =IFERROR(VLOOKUP($H60,'WNS Dawaco'!$A:$C,2,FALSE),"") -> 2 | X60: =IFERROR(VLOOKUP($H60,'WNS Dawaco'!$A:$C,3,FALSE),"") -> Fosfaat [Ortho-fosfaat]
A61: Fysisch Chemisch onderzoek | B61: OW | C61: 2NUTR05|OW_SIO2NF | D61: OW Nutriënten | E61: Sillicaat | F61: 7 | G61: siliciumdioxide | H61: WNS2808 | I61: [] [CONCTTE] [SiO2] [mg/l] [Sinf] [OW] | J61: SiO2 | K61: CONCTTE | M61: mg/l | N61: Sinf | O61: OW | P61: ChemischeStof | Q61: DA | R61: - | T61: NEN-ISO 15923-1:2013 en | U61: 0.05 | V61: 14808-60-7 | W61: =IFERROR(VLOOKUP($H61,'WNS Dawaco'!$A:$C,2,FALSE),"") | X61: =IFERROR(VLOOKUP($H61,'WNS Dawaco'!$A:$C,3,FALSE),"")
A62: Fysisch Chemisch onderzoek | B62: OW | C62: 2NUTR05|OW_SNO3NO2NNF | D62: OW Nutriënten | E62: Som nitraat en nitriet | F62: 7 | G62: som nitraat en nitriet | H62: WNS1747 | I62: [] [CONCTTE] [sNO3NO2] [mg/l] [Nnf] [OW] | J62: sNO3NO2 | K62: CONCTTE | M62: mg/l | N62: Nnf | O62: OW | P62: ChemischeStof | Q62: DA | R62: Q | S62: CONFORM | T62: NEN-ISO 15923-1:2013 en | U62: 0.03 | V62: NVT | W62: =IFERROR(VLOOKUP($H62,'WNS Dawaco'!$A:$C,2,FALSE),"") -> 6 | X62: =IFERROR(VLOOKUP($H62,'WNS Dawaco'!$A:$C,3,FALSE),"") -> Som nitraat en nitriet
A63: Fysisch Chemisch onderzoek | B63: OW | C63: 2NUTR05|OW_SO4NF | D63: OW Nutriënten | E63: Sulfaat | F63: 7 | G63: sulfaat | H63: WNS3884 | I63: [] [CONCTTE] [SO4] [mg/l] [nf] [OW] | J63: SO4 | K63: CONCTTE | M63: mg/l | N63: nf | O63: OW | P63: ChemischeStof | Q63: DA | R63: Q | S63: CONFORM | T63: NEN-ISO 15923-1:2013 en | U63: 3 | V63: 14808-79-8 | W63: =IFERROR(VLOOKUP($H63,'WNS Dawaco'!$A:$C,2,FALSE),"") -> 8 | X63: =IFERROR(VLOOKUP($H63,'WNS Dawaco'!$A:$C,3,FALSE),"") -> Sulfaat
A64: Fysisch Chemisch onderzoek | B64: OW | C64: 2OLIEVET01|OW_OLIEVET | D64: OW Oliën en vetten (directe extractie) | E64: Oliën en vetten | F64: 27 | G64: som extraheerbare oliën en vetten | H64: WNS11571 | I64: [] [CONCTTE] [sEOV] [mg/l] [NVT] [OW] | J64: sEOV | K64: CONCTTE | M64: mg/l | N64: NVT | O64: OW | P64: ChemischeStof | Q64: GRAV | R64: - | T64: NEN 6671:2013 nl | U64: 5 | V64: NVT | W64: =IFERROR(VLOOKUP($H64,'WNS Dawaco'!$A:$C,2,FALSE),"") | X64: =IFERROR(VLOOKUP($H64,'WNS Dawaco'!$A:$C,3,FALSE),"")
A65: Fysisch Chemisch onderzoek | B65: OW | C65: 2OSGLAS01|OW_OS | D65: OW Onopgeloste stoffen, glasvezelfilter | E65: Onopgeloste stoffen | F65: 10 | G65: Onopgeloste stoffen | H65: WNS2440 | I65: [] [CONCTTE] [OS] [mg/l] [NVT] [OW] | J65: OS | K65: CONCTTE | M65: mg/l | N65: NVT | O65: OW | P65: Object | Q65: GRAV | R65: Q | S65: CONFORM | T65: NEN-EN 872:2005 en | U65: 4 | V65: NVT | W65: =IFERROR(VLOOKUP($H65,'WNS Dawaco'!$A:$C,2,FALSE),"") -> 17 | X65: =IFERROR(VLOOKUP($H65,'WNS Dawaco'!$A:$C,3,FALSE),"") -> Onopgeloste stoffen
A66: Fysisch Chemisch onderzoek | B66: OW | C66: 2OSGLAS01|OW_OS_GR | D66: OW Onopgeloste stoffen, glasvezelfilter | E66: Onopgeloste stoffen en Gloeirest van de onopgeloste stoffen | F66: 15 | G66: Gloeirest | H66: WNS7385 | I66: [] [MASSFTE] [GR] [%] [dg] [OW] | J66: GR | K66: MASSFTE | M66: % | N66: dg | O66: OW | P66: Object | Q66: GRAV | R66: Q | S66: CONFORM | T66: NEN-EN 872:2005 en | U66: 10 | V66: NVT | W66: =IFERROR(VLOOKUP($H66,'WNS Dawaco'!$A:$C,2,FALSE),"") -> 18 | X66: =IFERROR(VLOOKUP($H66,'WNS Dawaco'!$A:$C,3,FALSE),"") -> Gloeirest van zwevend stof
A67: Fysisch Chemisch onderzoek | B67: OW | C67: 2OSGLAS01|OW_OS_GR | D67: OW Onopgeloste stoffen, glasvezelfilter | E67: Onopgeloste stoffen en Gloeirest van de onopgeloste stoffen | F67: 15 | G67: Onopgeloste stoffen | H67: WNS2440 | I67: [] [CONCTTE] [OS] [mg/l] [NVT] [OW] | J67: OS | K67: CONCTTE | M67: mg/l | N67: NVT | O67: OW | P67: Object | Q67: GRAV | R67: Q | S67: CONFORM | T67: NEN-EN 872:2005 en | U67: 4 | V67: NVT | W67: =IFERROR(VLOOKUP($H67,'WNS Dawaco'!$A:$C,2,FALSE),"") -> 17 | X67: =IFERROR(VLOOKUP($H67,'WNS Dawaco'!$A:$C,3,FALSE),"") -> Onopgeloste stoffen
A68: Fysisch Chemisch onderzoek | B68: OW | C68: 2OSMEMBR01|OW_OS | D68: OW Onopgeloste stoffen, membraanfilter | E68: Onopgeloste stoffen (membraanfilter) | F68: 19 | G68: Onopgeloste stoffen | H68: WNS2440 | I68: [] [CONCTTE] [OS] [mg/l] [NVT] [OW] | J68: OS | K68: CONCTTE | M68: mg/l | N68: NVT | O68: OW | P68: Object | Q68: GRAV | R68: - | T68: Eigen methode | U68: 4 | V68: NVT | W68: =IFERROR(VLOOKUP($H68,'WNS Dawaco'!$A:$C,2,FALSE),"") -> 17 | X68: =IFERROR(VLOOKUP($H68,'WNS Dawaco'!$A:$C,3,FALSE),"") -> Onopgeloste stoffen
A69: Organisch onderzoek | B69: OW | C69: 2PAK01|OW_PAK | D69: OW PAK | E69: PAK | F69: 95 | G69: fenantreen | H69: WNS2301 | I69: [] [CONCTTE] [Fen] [ug/l] [NVT] [OW] | J69: Fen | K69: CONCTTE | M69: ug/l | N69: NVT | O69: OW | P69: ChemischeStof | Q69: HPLC-UV-FL | R69: Q | S69: CONFORM | T69: NEN-EN-ISO 17993:2004 en | U69: 0.01 | V69: 85-01-8 | W69: =IFERROR(VLOOKUP($H69,'WNS Dawaco'!$A:$C,2,FALSE),"") -> 2048 | X69: =IFERROR(VLOOKUP($H69,'WNS Dawaco'!$A:$C,3,FALSE),"") -> fenantreen
A70: Organisch onderzoek | B70: OW | C70: 2PAK01|OW_PAK | D70: OW PAK | E70: PAK | F70: 95 | G70: benzo(b)fluorantheen | H70: WNS520 | I70: [] [CONCTTE] [BbF] [ug/l] [NVT] [OW] | J70: BbF | K70: CONCTTE | M70: ug/l | N70: NVT | O70: OW | P70: ChemischeStof | Q70: HPLC-UV-FL | R70: Q | S70: CONFORM | T70: NEN-EN-ISO 17993:2004 en | U70: 0.01 | V70: 205-99-2 | W70: =IFERROR(VLOOKUP($H70,'WNS Dawaco'!$A:$C,2,FALSE),"") -> 2034 | X70: =IFERROR(VLOOKUP($H70,'WNS Dawaco'!$A:$C,3,FALSE),"") -> benzo(b)fluorantheen
A71: Organisch onderzoek | B71: OW | C71: 2PAK01|OW_PAK | D71: OW PAK | E71: PAK | F71: 95 | G71: som 16 polycyclische aromatische koolwaterstoffen (EPA) | H71: WNS2526 | I71: [] [CONCTTE] [sPAK16] [ug/l] [NVT] [OW] | J71: sPAK16 | K71: CONCTTE | M71: ug/l | N71: NVT | O71: OW | P71: ChemischeStof | Q71: HPLC-UV-FL | R71: - | T71: NEN-EN-ISO 17993:2004 en | U71: 0.17 | V71: NVT | W71: =IFERROR(VLOOKUP($H71,'WNS Dawaco'!$A:$C,2,FALSE),"") -> 2065 | X71: =IFERROR(VLOOKUP($H71,'WNS Dawaco'!$A:$C,3,FALSE),"") -> som 16 polyaromatische koolwaterstoffen (EPA)
A72: Organisch onderzoek | B72: OW | C72: 2PAK01|OW_PAK | D72: OW PAK | E72: PAK | F72: 95 | G72: som 10 polycyclische aromatische koolwaterstoffen (VROM) | H72: WNS2390 | I72: [] [CONCTTE] [sPAK10] [ug/l] [NVT] [OW] | J72: sPAK10 | K72: CONCTTE | M72: ug/l | N72: NVT | O72: OW | P72: ChemischeStof | Q72: HPLC-UV-FL | R72: - | T72: NEN-EN-ISO 17993:2004 en | U72: 0.1 | V72: NVT | W72: =IFERROR(VLOOKUP($H72,'WNS Dawaco'!$A:$C,2,FALSE),"") -> 2064 | X72: =IFERROR(VLOOKUP($H72,'WNS Dawaco'!$A:$C,3,FALSE),"") -> som 10 polyaromatische koolwaterstoffen (VROM)
A73: Organisch onderzoek | B73: OW | C73: 2PAK01|OW_PAK | D73: OW PAK | E73: PAK | F73: 95 | G73: pyreen | H73: WNS1632 | I73: [] [CONCTTE] [Pyr] [ug/l] [NVT] [OW] | J73: Pyr | K73: CONCTTE | M73: ug/l | N73: NVT | O73: OW | P73: ChemischeStof | Q73: HPLC-UV-FL | R73: Q | S73: CONFORM | T73: NEN-EN-ISO 17993:2004 en | U73: 0.01 | V73: 129-00-0 | W73: =IFERROR(VLOOKUP($H73,'WNS Dawaco'!$A:$C,2,FALSE),"") -> 2062 | X73: =IFERROR(VLOOKUP($H73,'WNS Dawaco'!$A:$C,3,FALSE),"") -> pyreen
A74: Organisch onderzoek | B74: OW | C74: 2PAK01|OW_PAK | D74: OW PAK | E74: PAK | F74: 95 | G74: naftaleen | H74: WNS1387 | I74: [] [CONCTTE] [Naf] [ug/l] [NVT] [OW] | J74: Naf | K74: CONCTTE | M74: ug/l | N74: NVT | O74: OW | P74: ChemischeStof | Q74: HPLC-UV-FL | R74: Q | S74: CONFORM | T74: NEN-EN-ISO 17993:2004 en | U74: 0.01 | V74: 91-20-3 | W74: =IFERROR(VLOOKUP($H74,'WNS Dawaco'!$A:$C,2,FALSE),"") -> 2058 | X74: =IFERROR(VLOOKUP($H74,'WNS Dawaco'!$A:$C,3,FALSE),"") -> naftaleen
A75: Organisch onderzoek | B75: OW | C75: 2PAK01|OW_PAK | D75: OW PAK | E75: PAK | F75: 95 | G75: indeno(1,2,3-cd)pyreen | H75: WNS2315 | I75: [] [CONCTTE] [InP] [ug/l] [NVT] [OW] | J75: InP | K75: CONCTTE | M75: ug/l | N75: NVT | O75: OW | P75: ChemischeStof | Q75: HPLC-UV-FL | R75: Q | S75: CONFORM | T75: NEN-EN-ISO 17993:2004 en | U75: 0.01 | V75: 193-39-5 | W75: =IFERROR(VLOOKUP($H75,'WNS Dawaco'!$A:$C,2,FALSE),"") -> 2053 | X75: =IFERROR(VLOOKUP($H75,'WNS Dawaco'!$A:$C,3,FALSE),"") -> indeno(1,2,3-cd)pyreen
A76: Organisch onderzoek | B76: OW | C76: 2PAK01|OW_PAK | D76: OW PAK | E76: PAK | F76: 95 | G76: fluoreen | H76: WNS1078 | I76: [] [CONCTTE] [Fle] [ug/l] [NVT] [OW] | J76: Fle | K76: CONCTTE | M76: ug/l | N76: NVT | O76: OW | P76: ChemischeStof | Q76: HPLC-UV-FL | R76: Q | S76: CONFORM | T76: NEN-EN-ISO 17993:2004 en | U76: 0.01 | V76: 86-73-7 | W76: =IFERROR(VLOOKUP($H76,'WNS Dawaco'!$A:$C,2,FALSE),"") -> 2050 | X76: =IFERROR(VLOOKUP($H76,'WNS Dawaco'!$A:$C,3,FALSE),"") -> fluoreen
A77: Organisch onderzoek | B77: OW | C77: 2PAK01|OW_PAK | D77: OW PAK | E77: PAK | F77: 95 | G77: fluorantheen | H77: WNS1085 | I77: [] [CONCTTE] [Flu] [ug/l] [NVT] [OW] | J77: Flu | K77: CONCTTE | M77: ug/l | N77: NVT | O77: OW | P77: ChemischeStof | Q77: HPLC-UV-FL | R77: Q | S77: CONFORM | T77: NEN-EN-ISO 17993:2004 en | U77: 0.01 | V77: 206-44-0 | W77: =IFERROR(VLOOKUP($H77,'WNS Dawaco'!$A:$C,2,FALSE),"") -> 2049 | X77: =IFERROR(VLOOKUP($H77,'WNS Dawaco'!$A:$C,3,FALSE),"") -> fluorantheen
A78: Organisch onderzoek | B78: OW | C78: 2PAK01|OW_PAK | D78: OW PAK | E78: PAK | F78: 95 | G78: antraceen | H78: WNS2241 | I78: [] [CONCTTE] [Ant] [ug/l] [NVT] [OW] | J78: Ant | K78: CONCTTE | M78: ug/l | N78: NVT | O78: OW | P78: ChemischeStof | Q78: HPLC-UV-FL | R78: Q | S78: CONFORM | T78: NEN-EN-ISO 17993:2004 en | U78: 0.01 | V78: 120-12-7 | W78: =IFERROR(VLOOKUP($H78,'WNS Dawaco'!$A:$C,2,FALSE),"") -> 2030 | X78: =IFERROR(VLOOKUP($H78,'WNS Dawaco'!$A:$C,3,FALSE),"") -> antraceen
A79: Organisch onderzoek | B79: OW | C79: 2PAK01|OW_PAK | D79: OW PAK | E79: PAK | F79: 95 | G79: acenafteen | H79: WNS399 | I79: [] [CONCTTE] [AcNe] [ug/l] [NVT] [OW] | J79: AcNe | K79: CONCTTE | M79: ug/l | N79: NVT | O79: OW | P79: ChemischeStof | Q79: HPLC-UV-FL | R79: Q | S79: CONFORM | T79: NEN-EN-ISO 17993:2004 en | U79: 0.01 | V79: 83-32-9 | W79: =IFERROR(VLOOKUP($H79,'WNS Dawaco'!$A:$C,2,FALSE),"") -> 2027 | X79: =IFERROR(VLOOKUP($H79,'WNS Dawaco'!$A:$C,3,FALSE),"") -> acenafteen
A80: Organisch onderzoek | B80: OW | C80: 2PAK01|OW_PAK | D80: OW PAK | E80: PAK | F80: 95 | G80: benzo(k)fluorantheen | H80: WNS591 | I80: [] [CONCTTE] [BkF] [ug/l] [NVT] [OW] | J80: BkF | K80: CONCTTE | M80: ug/l | N80: NVT | O80: OW | P80: ChemischeStof | Q80: HPLC-UV-FL | R80: Q | S80: CONFORM | T80: NEN-EN-ISO 17993:2004 en | U80: 0.01 | V80: 207-08-9 | W80: =IFERROR(VLOOKUP($H80,'WNS Dawaco'!$A:$C,2,FALSE),"") -> 2036 | X80: =IFERROR(VLOOKUP($H80,'WNS Dawaco'!$A:$C,3,FALSE),"") -> benzo(k)fluorantheen
A81: Organisch onderzoek | B81: OW | C81: 2PAK01|OW_PAK | D81: OW PAK | E81: PAK | F81: 95 | G81: acenaftyleen | H81: WNS405 | I81: [] [CONCTTE] [AcNy] [ug/l] [NVT] [OW] | J81: AcNy | K81: CONCTTE | M81: ug/l | N81: NVT | O81: OW | P81: ChemischeStof | Q81: HPLC-UV-FL | R81: Q | T81: Eigen methode | U81: 0.02 | V81: 208-96-8 | W81: =IFERROR(VLOOKUP($H81,'WNS Dawaco'!$A:$C,2,FALSE),"") -> 2028 | X81: =IFERROR(VLOOKUP($H81,'WNS Dawaco'!$A:$C,3,FALSE),"") -> acenaftyleen
A82: Organisch onderzoek | B82: OW | C82: 2PAK01|OW_PAK | D82: OW PAK | E82: PAK | F82: 95 | G82: dibenzo(a,h)antraceen | H82: WNS814 | I82: [] [CONCTTE] [DBahAnt] [ug/l] [NVT] [OW] | J82: DBahAnt | K82: CONCTTE | M82: ug/l | N82: NVT | O82: OW | P82: ChemischeStof | Q82: HPLC-UV-FL | R82: Q | S82: CONFORM | T82: NEN-EN-ISO 17993:2004 en | U82: 0.01 | V82: 53-70-3 | W82: =IFERROR(VLOOKUP($H82,'WNS Dawaco'!$A:$C,2,FALSE),"") -> 2040 | X82: =IFERROR(VLOOKUP($H82,'WNS Dawaco'!$A:$C,3,FALSE),"") -> dibenzo(a,h)antraceen
A83: Organisch onderzoek | B83: OW | C83: 2PAK01|OW_PAK | D83: OW PAK | E83: PAK | F83: 95 | G83: benzo(a)antraceen | H83: WNS503 | I83: [] [CONCTTE] [BaA] [ug/l] [NVT] [OW] | J83: BaA | K83: CONCTTE | M83: ug/l | N83: NVT | O83: OW | P83: ChemischeStof | Q83: HPLC-UV-FL | R83: Q | S83: CONFORM | T83: NEN-EN-ISO 17993:2004 en | U83: 0.01 | V83: 56-55-3 | W83: =IFERROR(VLOOKUP($H83,'WNS Dawaco'!$A:$C,2,FALSE),"") -> 2032 | X83: =IFERROR(VLOOKUP($H83,'WNS Dawaco'!$A:$C,3,FALSE),"") -> benzo(a)antraceen
A84: Organisch onderzoek | B84: OW | C84: 2PAK01|OW_PAK | D84: OW PAK | E84: PAK | F84: 95 | G84: benzo(a)pyreen | H84: WNS513 | I84: [] [CONCTTE] [BaP] [ug/l] [NVT] [OW] | J84: BaP | K84: CONCTTE | M84: ug/l | N84: NVT | O84: OW | P84: ChemischeStof | Q84: HPLC-UV-FL | R84: Q | S84: CONFORM | T84: NEN-EN-ISO 17993:2004 en | U84: 0.01 | V84: 50-32-8 | W84: =IFERROR(VLOOKUP($H84,'WNS Dawaco'!$A:$C,2,FALSE),"") -> 2033 | X84: =IFERROR(VLOOKUP($H84,'WNS Dawaco'!$A:$C,3,FALSE),"") -> benzo(a)pyreen
A85: Organisch onderzoek | B85: OW | C85: 2PAK01|OW_PAK | D85: OW PAK | E85: PAK | F85: 95 | G85: benzo(ghi)peryleen | H85: WNS576 | I85: [] [CONCTTE] [BghiPe] [ug/l] [NVT] [OW] | J85: BghiPe | K85: CONCTTE | M85: ug/l | N85: NVT | O85: OW | P85: ChemischeStof | Q85: HPLC-UV-FL | R85: Q | S85: CONFORM | T85: NEN-EN-ISO 17993:2004 en | U85: 0.01 | V85: 191-24-2 | W85: =IFERROR(VLOOKUP($H85,'WNS Dawaco'!$A:$C,2,FALSE),"") -> 2035 | X85: =IFERROR(VLOOKUP($H85,'WNS Dawaco'!$A:$C,3,FALSE),"") -> benzo(ghi)peryleen
A86: Organisch onderzoek | B86: OW | C86: 2PAK01|OW_PAK | D86: OW PAK | E86: PAK | F86: 95 | G86: chryseen | H86: WNS673 | I86: [] [CONCTTE] [Chr] [ug/l] [NVT] [OW] | J86: Chr | K86: CONCTTE | M86: ug/l | N86: NVT | O86: OW | P86: ChemischeStof | Q86: HPLC-UV-FL | R86: Q | S86: CONFORM | T86: NEN-EN-ISO 17993:2004 en | U86: 0.01 | V86: 218-01-9 | W86: =IFERROR(VLOOKUP($H86,'WNS Dawaco'!$A:$C,2,FALSE),"") -> 2039 | X86: =IFERROR(VLOOKUP($H86,'WNS Dawaco'!$A:$C,3,FALSE),"") -> chryseen
A87: Fysisch Chemisch onderzoek | B87: OW | C87: 2PH01|OW_PH | D87: OW Zuurgraad (pH) | E87: Zuurgraad (pH), laboratorium | F87: 3 | G87: Temperatuur | K87: T | M87: oC | N87: NVT | O87: OW | P87: Grootheid | Q87: POTM | R87: - | U87: 0 | W87: =IFERROR(VLOOKUP($H87,'WNS Dawaco'!$A:$C,2,FALSE),"") | X87: =IFERROR(VLOOKUP($H87,'WNS Dawaco'!$A:$C,3,FALSE),"")
A88: Fysisch Chemisch onderzoek | B88: OW | C88: 2PH01|OW_PH | D88: OW Zuurgraad (pH) | E88: Zuurgraad (pH), laboratorium | F88: 3 | G88: Zuurgraad | H88: WNS1588 | I88: [] [pH] [] [DIMSLS] [NVT] [OW] | K88: pH | M88: DIMSLS | N88: NVT | O88: OW | P88: Grootheid | Q88: POTM | R88: Q | S88: CONFORM | T88: NEN-EN-ISO 10523:2012 en | U88: 2 | W88: =IFERROR(VLOOKUP($H88,'WNS Dawaco'!$A:$C,2,FALSE),"") -> 12 | X88: =IFERROR(VLOOKUP($H88,'WNS Dawaco'!$A:$C,3,FALSE),"") -> Zuurgraad
A89: Fysisch Chemisch onderzoek | B89: OW | C89: 2RESPREM01|OW_RESPREM | D89: OW Respiratieremming | E89: Respiratieremming | F89: 21 | G89: Toxiciteit | H89: WNS7133 | I89: [TOXCTT] [] [] [%] [NVT] [OW] | L89: TOXCTT | M89: % | N89: NVT | O89: OW | P89: Typering | Q89: ELCH | R89: - | T89: NEN-EN-ISO 8192:2007 en | U89: 10 | V89: NVT | W89: =IFERROR(VLOOKUP($H89,'WNS Dawaco'!$A:$C,2,FALSE),"") | X89: =IFERROR(VLOOKUP($H89,'WNS Dawaco'!$A:$C,3,FALSE),"")
A90: Fysisch Chemisch onderzoek | B90: OW | C90: 2SALNTT01|OW_SALNTT | D90: OW Saliniteit (berekend) | E90: Saliniteit (berekend) | F90: 0 | G90: Saliniteit | H90: WNS1798 | I90: [] [SALNTT] [] [DIMSLS] [NVT] [OW] | K90: SALNTT | M90: DIMSLS | N90: NVT | O90: OW | P90: Grootheid | R90: - | T90: Eigen methode | U90: 0 | V90: NVT | W90: =IFERROR(VLOOKUP($H90,'WNS Dawaco'!$A:$C,2,FALSE),"") | X90: =IFERROR(VLOOKUP($H90,'WNS Dawaco'!$A:$C,3,FALSE),"")
A91: Fysisch Chemisch onderzoek | B91: OW | C91: 2TROEBEL01|OW_TROEBHD | D91: OW Troebelheid | E91: Troebelheid, FTU, laboratorium | F91: 7 | G91: Troebelheid | H91: WNS2555 | I91: [] [TROEBHD] [] [FTU] [NVT] [OW] | K91: TROEBHD | M91: FTU | N91: NVT | O91: OW | P91: Grootheid | Q91: NEFLMTE | R91: - | T91: NEN-EN-ISO 7027-1:2016 en | U91: 1 | V91: NVT | W91: =IFERROR(VLOOKUP($H91,'WNS Dawaco'!$A:$C,2,FALSE),"") | X91: =IFERROR(VLOOKUP($H91,'WNS Dawaco'!$A:$C,3,FALSE),"")
A92: Organisch onderzoek | B92: OW | C92: 2VBPAK01|OW_INZETLEEG | D92: OW Voorbewerking PAK | E92: Voorbewerking PAK | F92: 0 | M92: g | R92: - | U92: 0 | W92: =IFERROR(VLOOKUP($H92,'WNS Dawaco'!$A:$C,2,FALSE),"") | X92: =IFERROR(VLOOKUP($H92,'WNS Dawaco'!$A:$C,3,FALSE),"")
A93: Fysisch Chemisch onderzoek | B93: OW | C93: 2VRBZV01|OW_VRBZV | D93: OW Vriespotje biochemisch zuurstofverbruik | E93: Vriespotje biochemisch zuurstofverbruik | F93: 0 | M93: DIMSLS | R93: - | U93: 0 | W93: =IFERROR(VLOOKUP($H93,'WNS Dawaco'!$A:$C,2,FALSE),"") | X93: =IFERROR(VLOOKUP($H93,'WNS Dawaco'!$A:$C,3,FALSE),"")
A94: Organisch onderzoek | B94: OW | C94: 2VSPAK01|OW_VSPAK | D94: OW Veiligstelling PAK | E94: Veiligstelling PAK | F94: 0 | R94: - | U94: 0 | W94: =IFERROR(VLOOKUP($H94,'WNS Dawaco'!$A:$C,2,FALSE),"") | X94: =IFERROR(VLOOKUP($H94,'WNS Dawaco'!$A:$C,3,FALSE),"")
A95: Organisch onderzoek | B95: OW | C95: 2VSPAK01|OW_VSPAK | D95: OW Veiligstelling PAK | E95: Veiligstelling PAK | F95: 0 | M95: g | R95: - | U95: 0 | W95: =IFERROR(VLOOKUP($H95,'WNS Dawaco'!$A:$C,2,FALSE),"") | X95: =IFERROR(VLOOKUP($H95,'WNS Dawaco'!$A:$C,3,FALSE),"")
A96: Overig | B96: OW | C96: 3AQNPNT01|OW_AQNPNT | D96: OW Chemie AQUON-punten | E96: Chemie AQUON-punten | F96: 0 | R96: - | U96: 0 | W96: =IFERROR(VLOOKUP($H96,'WNS Dawaco'!$A:$C,2,FALSE),"") | X96: =IFERROR(VLOOKUP($H96,'WNS Dawaco'!$A:$C,3,FALSE),"")
A97: Organisch onderzoek | B97: OW | C97: 3BDE01|OW_BDE | D97: OW Broomdifenylethers (vlamvertragers, BDE) | E97: Broomdifenylethers (vlamvertragers, BDE) | F97: 95 | G97: 2,2',4,4'-tetrabroomdifenylether | H97: WNS4458 | I97: [] [CONCTTE] [PBDE47] [ug/l] [NVT] [OW] | J97: PBDE47 | K97: CONCTTE | M97: ug/l | N97: NVT | O97: OW | P97: ChemischeStof | Q97: GC-MS-MS | R97: - | T97: Eigen methode | U97: 0.0005 | V97: 5436-43-1 | W97: =IFERROR(VLOOKUP($H97,'WNS Dawaco'!$A:$C,2,FALSE),"") | X97: =IFERROR(VLOOKUP($H97,'WNS Dawaco'!$A:$C,3,FALSE),"")
A98: Organisch onderzoek | B98: OW | C98: 3BDE01|OW_BDE | D98: OW Broomdifenylethers (vlamvertragers, BDE) | E98: Broomdifenylethers (vlamvertragers, BDE) | F98: 95 | G98: 2,2',4,4',5,5'-hexabroomdifenylether | H98: WNS4466 | I98: [] [CONCTTE] [PBDE153] [ug/l] [NVT] [OW] | J98: PBDE153 | K98: CONCTTE | M98: ug/l | N98: NVT | O98: OW | P98: ChemischeStof | Q98: GC-MS-MS | R98: - | T98: Eigen methode | U98: 0.0005 | V98: 68631-49-2 | W98: =IFERROR(VLOOKUP($H98,'WNS Dawaco'!$A:$C,2,FALSE),"") | X98: =IFERROR(VLOOKUP($H98,'WNS Dawaco'!$A:$C,3,FALSE),"")
A99: Organisch onderzoek | B99: OW | C99: 3BDE01|OW_BDE | D99: OW Broomdifenylethers (vlamvertragers, BDE) | E99: Broomdifenylethers (vlamvertragers, BDE) | F99: 95 | G99: 2,4,4'-tribroomdifenylether | H99: WNS4446 | I99: [] [CONCTTE] [PBDE28] [ug/l] [NVT] [OW] | J99: PBDE28 | K99: CONCTTE | M99: ug/l | N99: NVT | O99: OW | P99: ChemischeStof | Q99: GC-MS-MS | R99: - | T99: Eigen methode | U99: 0.0005 | V99: 41318-75-6 | W99: =IFERROR(VLOOKUP($H99,'WNS Dawaco'!$A:$C,2,FALSE),"") | X99: =IFERROR(VLOOKUP($H99,'WNS Dawaco'!$A:$C,3,FALSE),"")
A100: Organisch onderzoek | B100: OW | C100: 3BDE01|OW_BDE | D100: OW Broomdifenylethers (vlamvertragers, BDE) | E100: Broomdifenylethers (vlamvertragers, BDE) | F100: 95 | G100: 2,4,4',6-tetrabroomdifenylether | H100: WNS7684 | I100: [] [CONCTTE] [PBDE75] [ug/l] [NVT] [OW] | J100: PBDE75 | K100: CONCTTE | M100: ug/l | N100: NVT | O100: OW | P100: ChemischeStof | Q100: GC-MS-MS | R100: - | T100: Eigen methode | U100: 0.0005 | V100: 189084-63-7 | W100: =IFERROR(VLOOKUP($H100,'WNS Dawaco'!$A:$C,2,FALSE),"") | X100: =IFERROR(VLOOKUP($H100,'WNS Dawaco'!$A:$C,3,FALSE),"")
...

Sheet frequentiecodes
A1: frequentie_code | B1: frequentie_omschrijving | C1: aantal_metingen | D1: toelichting
A2: 1_apr | B2: eenmalig in april | C2: 1 | D2: =""
A3: 1_jul | B3: eenmalig in juli | C3: 1 | D3: =""
A4: 1_mafa | B4: eenmalig in mei of juni | C4: 1 | D4: =""
A5: 1_mafy | B5: eenmalig tussen 15 juni en 15 augusutus | C5: 1 | D5: =""
A6: 1_mei | B6: eenmalig in mei | C6: 1 | D6: =""
A7: 1_vis | B7: eenmalig tussen 15 juli en 30 september | C7: 1 | D7: =""
A8: 11_2w_jun_okt | B8: Tweewekelijks van juni tot en met oktober | C8: 11 | D8: =""
A9: 12_m | B9: maandelijks | C9: 12 | D9: =""
A10: 12_zwem | B10: tweewekelijks in het zwemseizoen | C10: 12 | D10: op weeknummer
A11: 3_mjj | B11: Mei, juni en juli | C11: 3 | D11: =""
A12: 3_zwem | B12: begin, midden en eind zwemseizoen | C12: 3 | D12: op weeknummer
A13: 4_gbm | B13: in de maanden januari, april, juli en september | C13: 4 | D13: januari, april, juli, september - gbm
A14: 4_krw | B14: In de maanden februari, mei, augustus en november | C14: 4 | D14: =""
A15: 4_mjja | B15: Mei, juni, juli en augustus | C15: 4 | D15: =""
A16: 4_zomer | B16: 4 keer in het zomerhalfjaar | C16: 4 | D16: =""
A17: 6_m_oneven | B17: in de oneven maanden | C17: 6 | D17: januari, maart, mei, juli, september, november
A18: 7_2w_apr_jun | B18: Tweewekelijks april tot en met juni | C18: 7 | D18: =""
A19: 7_m | B19: maandelijks van maart tot september | C19: 7 | D19: =""
A20: afwijkend | B20: afwijkende frequentie | C20: ="" | D20: =""
A21: 4_kwartaal_1 | B21: Elk kwartaal in eerste maand (januari, april, juli en oktober) | C21: 4 | D21: =""
A22: 1_kreeft | B22: Eenmalig in mei of juni | C22: 1 | D22: =""
A23: 4_amjj | B23: April, mei, juni en juli | C23: 4 | D23: =""
A24: 5_mjjas | B24: Mei, juni, juli, augustus, september | C24: 5 | D24: =""
A25: 12_m_zwem | B25: maandelijks icm zwemwater | C25: 12 | D25: maandelijks metingen, in de zomer op weeknummer
A26: 1_mei_zwem | B26: Eenmalig in mei, week 19 | C26: 1 | D26: Meting in mei - op weeknummer
A27: 6_m_zomer | B27: maandelijks van april tot en met september | C27: 6 | D27: =""
A28: 10_1w_42_51 | B28: Wekelijks van week 42 tot en met week 51 (10x) | C28: 10 | D28: ivm toepassing Phoslock
A29: 3_4w_42_50 | B29: Vierwekelijks van week 42 tot en met week 50 | C29: 3 | D29: ivm toepassing Phoslock
A30: 1_jan | B30: eenmalig in januari | C30: 1 | D30: =""
A31: 1_w23 | B31: eenmalig in week 23 | C31: 1 | D31: =""
A32: 1_mrt | B32: eenmalig in maart | C32: 1 | D32: =""
A33: 2_feb_aug | B33: februari en augustus | C33: 2 | D33: =""
A34: 2_jan_jul | B34: januari en juli | C34: 2 | D34: =""
A35: 1_feb | B35: eenmalig in februari | C35: 1 | D35: =""
A36: 8_m_mei_dec | B36: maandelijks van mei t/m december | C36: 8 | D36: =""
A37: 1_aug | B37: eenmalig in augustus | C37: 1 | D37: =""
A38: 11_2w_mei_sept | B38: Tweewekelijks van mei tot en met september | C38: 11 | D38: =""
A39: 1_w_19 | B39: eenmalig in week 19 | C39: 1 | D39: =""
A40: 10_zwem | B40: Tweewekelijks in het zwemseizoen t/m augustus | C40: 10 | D40: =""
A41: 6_m_even | B41: in de even maanden | C41: 6 | D41: februari, april, juni, augustus, oktober, december
A42: 3_mja | B42: Mei, juni, augustus | C42: 3 | D42: =""
A43: 3_aja | B43: April, juni, augustus | C43: 3 | D43: =""
A44: 3_8w_17_33 | B44: 8 wekelijks van week 17 t/m week 33 (3x) | C44: 3 | D44: =""
A45: 4_w_13_17_25_33 | B45: 4 keer in de weken 13, 17, 25 en 33 | C45: 4 | D45: specfiek voor Kralings Zwembad
A46: 4_m_3579 | B46: Maart, mei, juli, september | C46: 4 | D46: =""
A47: 4_m_46810 | B47: April, juni, augustus, oktober | C47: 4 | D47: =""
A48: 11_zwem | B48: Tweewekelijks in het zwemseizoen t/m 15 september | C48: 11 | D48: =""
D49: =""
D50: =""
D51: =""
D52: =""
D53: =""
D54: =""
D55: =""
D56: =""
D57: =""
D58: =""
D59: =""
D60: =""
... D91: =""

Sheet frequenties
A1: frequentie_code | B1: frequentie_omschrijving | C1: aantal_metingen | D1: toelichting | E1: volgnummer | F1: maand_of_week | G1: maand | H1: week | I1: datum_weeknr | J1: Begin_dag | K1: Begin_maand | L1: Eind_dag | M1: Eind_maand | N1: Opmerking
A2: 12_m | B2: =IFERROR(VLOOKUP($A2,frequentiecodes!$A:$D,2,FALSE),"") -> maandelijks | C2: =IFERROR(VLOOKUP($A2,frequentiecodes!$A:$D,3,FALSE),"") -> 12 | D2: =IFERROR(VLOOKUP($A2,frequentiecodes!$A:$D,4,FALSE),"") | E2: 1 | F2: M | G2: 1 | I2: =IF(H2="","",DATE(YEAR(TODAY())+1,1,-2)-WEEKDAY(DATE(YEAR(TODAY())+1,1,3))+H2*7) | J2: 1 | K2: 1 | L2: 31 | M2: 1
A3: 12_m | B3: =IFERROR(VLOOKUP($A3,frequentiecodes!$A:$D,2,FALSE),"") -> maandelijks | C3: =IFERROR(VLOOKUP($A3,frequentiecodes!$A:$D,3,FALSE),"") -> 12 | D3: =IFERROR(VLOOKUP($A3,frequentiecodes!$A:$D,4,FALSE),"") | E3: 2 | F3: M | G3: 2 | I3: =IF(H3="","",DATE(YEAR(TODAY())+1,1,-2)-WEEKDAY(DATE(YEAR(TODAY())+1,1,3))+H3*7) | J3: 1 | K3: 2 | L3: 28 | M3: 2
A4: 12_m | B4: =IFERROR(VLOOKUP($A4,frequentiecodes!$A:$D,2,FALSE),"") -> maandelijks | C4: =IFERROR(VLOOKUP($A4,frequentiecodes!$A:$D,3,FALSE),"") -> 12 | D4: =IFERROR(VLOOKUP($A4,frequentiecodes!$A:$D,4,FALSE),"") | E4: 3 | F4: M | G4: 3 | I4: =IF(H4="","",DATE(YEAR(TODAY())+1,1,-2)-WEEKDAY(DATE(YEAR(TODAY())+1,1,3))+H4*7) | J4: 1 | K4: 3 | L4: 31 | M4: 3
A5: 12_m | B5: =IFERROR(VLOOKUP($A5,frequentiecodes!$A:$D,2,FALSE),"") -> maandelijks | C5: =IFERROR(VLOOKUP($A5,frequentiecodes!$A:$D,3,FALSE),"") -> 12 | D5: =IFERROR(VLOOKUP($A5,frequentiecodes!$A:$D,4,FALSE),"") | E5: 4 | F5: M | G5: 4 | I5: =IF(H5="","",DATE(YEAR(TODAY())+1,1,-2)-WEEKDAY(DATE(YEAR(TODAY())+1,1,3))+H5*7) | J5: 1 | K5: 4 | L5: 30 | M5: 4
A6: 12_m | B6: =IFERROR(VLOOKUP($A6,frequentiecodes!$A:$D,2,FALSE),"") -> maandelijks | C6: =IFERROR(VLOOKUP($A6,frequentiecodes!$A:$D,3,FALSE),"") -> 12 | D6: =IFERROR(VLOOKUP($A6,frequentiecodes!$A:$D,4,FALSE),"") | E6: 5 | F6: M | G6: 5 | I6: =IF(H6="","",DATE(YEAR(TODAY())+1,1,-2)-WEEKDAY(DATE(YEAR(TODAY())+1,1,3))+H6*7) | J6: 1 | K6: 5 | L6: 31 | M6: 5
A7: 12_m | B7: =IFERROR(VLOOKUP($A7,frequentiecodes!$A:$D,2,FALSE),"") -> maandelijks | C7: =IFERROR(VLOOKUP($A7,frequentiecodes!$A:$D,3,FALSE),"") -> 12 | D7: =IFERROR(VLOOKUP($A7,frequentiecodes!$A:$D,4,FALSE),"") | E7: 6 | F7: M | G7: 6 | I7: =IF(H7="","",DATE(YEAR(TODAY())+1,1,-2)-WEEKDAY(DATE(YEAR(TODAY())+1,1,3))+H7*7) | J7: 1 | K7: 6 | L7: 30 | M7: 6
A8: 12_m | B8: =IFERROR(VLOOKUP($A8,frequentiecodes!$A:$D,2,FALSE),"") -> maandelijks | C8: =IFERROR(VLOOKUP($A8,frequentiecodes!$A:$D,3,FALSE),"") -> 12 | D8: =IFERROR(VLOOKUP($A8,frequentiecodes!$A:$D,4,FALSE),"") | E8: 7 | F8: M | G8: 7 | I8: =IF(H8="","",DATE(YEAR(TODAY())+1,1,-2)-WEEKDAY(DATE(YEAR(TODAY())+1,1,3))+H8*7) | J8: 1 | K8: 7 | L8: 31 | M8: 7
A9: 12_m | B9: =IFERROR(VLOOKUP($A9,frequentiecodes!$A:$D,2,FALSE),"") -> maandelijks | C9: =IFERROR(VLOOKUP($A9,frequentiecodes!$A:$D,3,FALSE),"") -> 12 | D9: =IFERROR(VLOOKUP($A9,frequentiecodes!$A:$D,4,FALSE),"") | E9: 8 | F9: M | G9: 8 | I9: =IF(H9="","",DATE(YEAR(TODAY())+1,1,-2)-WEEKDAY(DATE(YEAR(TODAY())+1,1,3))+H9*7) | J9: 1 | K9: 8 | L9: 31 | M9: 8
A10: 12_m | B10: =IFERROR(VLOOKUP($A10,frequentiecodes!$A:$D,2,FALSE),"") -> maandelijks | C10: =IFERROR(VLOOKUP($A10,frequentiecodes!$A:$D,3,FALSE),"") -> 12 | D10: =IFERROR(VLOOKUP($A10,frequentiecodes!$A:$D,4,FALSE),"") | E10: 9 | F10: M | G10: 9 | I10: =IF(H10="","",DATE(YEAR(TODAY())+1,1,-2)-WEEKDAY(DATE(YEAR(TODAY())+1,1,3))+H10*7) | J10: 1 | K10: 9 | L10: 30 | M10: 9
A11: 12_m | B11: =IFERROR(VLOOKUP($A11,frequentiecodes!$A:$D,2,FALSE),"") -> maandelijks | C11: =IFERROR(VLOOKUP($A11,frequentiecodes!$A:$D,3,FALSE),"") -> 12 | D11: =IFERROR(VLOOKUP($A11,frequentiecodes!$A:$D,4,FALSE),"") | E11: 10 | F11: M | G11: 10 | I11: =IF(H11="","",DATE(YEAR(TODAY())+1,1,-2)-WEEKDAY(DATE(YEAR(TODAY())+1,1,3))+H11*7) | J11: 1 | K11: 10 | L11: 31 | M11: 10
A12: 12_m | B12: =IFERROR(VLOOKUP($A12,frequentiecodes!$A:$D,2,FALSE),"") -> maandelijks | C12: =IFERROR(VLOOKUP($A12,frequentiecodes!$A:$D,3,FALSE),"") -> 12 | D12: =IFERROR(VLOOKUP($A12,frequentiecodes!$A:$D,4,FALSE),"") | E12: 11 | F12: M | G12: 11 | I12: =IF(H12="","",DATE(YEAR(TODAY())+1,1,-2)-WEEKDAY(DATE(YEAR(TODAY())+1,1,3))+H12*7) | J12: 1 | K12: 11 | L12: 30 | M12: 11
A13: 12_m | B13: =IFERROR(VLOOKUP($A13,frequentiecodes!$A:$D,2,FALSE),"") -> maandelijks | C13: =IFERROR(VLOOKUP($A13,frequentiecodes!$A:$D,3,FALSE),"") -> 12 | D13: =IFERROR(VLOOKUP($A13,frequentiecodes!$A:$D,4,FALSE),"") | E13: 12 | F13: M | G13: 12 | I13: =IF(H13="","",DATE(YEAR(TODAY())+1,1,-2)-WEEKDAY(DATE(YEAR(TODAY())+1,1,3))+H13*7) | J13: 1 | K13: 12 | L13: 31 | M13: 12
... A15: 1_mei | B15: =IFERROR(VLOOKUP($A15,frequentiecodes!$A:$D,2,FALSE),"") -> eenmalig in mei | C15: =IFERROR(VLOOKUP($A15,frequentiecodes!$A:$D,3,FALSE),"") -> 1 | D15: =IFERROR(VLOOKUP($A15,frequentiecodes!$A:$D,4,FALSE),"") | E15: 1 | F15: M | G15: 5 | I15: =IF(H15="","",DATE(YEAR(TODAY())+1,1,-2)-WEEKDAY(DATE(YEAR(TODAY())+1,1,3))+H15*7) | J15: 1 | K15: 5 | L15: 31 | M15: 5
A16: 12_zwem | B16: =IFERROR(VLOOKUP($A16,frequentiecodes!$A:$D,2,FALSE),"") -> tweewekelijks in het zwemseizoen | C16: =IFERROR(VLOOKUP($A16,frequentiecodes!$A:$D,3,FALSE),"") -> 12 | D16: =IFERROR(VLOOKUP($A16,frequentiecodes!$A:$D,4,FALSE),"") -> op weeknummer | E16: 1 | F16: W | H16: 17 | I16: =IF(H16="","",DATE(YEAR(TODAY())+1,1,-2)-WEEKDAY(DATE(YEAR(TODAY())+1,1,3))+H16*7) -> 46503 | J16: 17 | K16: 4 | L16: 30 | M16: 4
A17: 12_zwem | B17: =IFERROR(VLOOKUP($A17,frequentiecodes!$A:$D,2,FALSE),"") -> tweewekelijks in het zwemseizoen | C17: =IFERROR(VLOOKUP($A17,frequentiecodes!$A:$D,3,FALSE),"") -> 12 | D17: =IFERROR(VLOOKUP($A17,frequentiecodes!$A:$D,4,FALSE),"") -> op weeknummer | E17: 2 | F17: W | H17: 19 | I17: =IF(H17="","",DATE(YEAR(TODAY())+1,1,-2)-WEEKDAY(DATE(YEAR(TODAY())+1,1,3))+H17*7) -> 46517 | J17: 1 | K17: 5 | L17: 14 | M17: 5
A18: 12_zwem | B18: =IFERROR(VLOOKUP($A18,frequentiecodes!$A:$D,2,FALSE),"") -> tweewekelijks in het zwemseizoen | C18: =IFERROR(VLOOKUP($A18,frequentiecodes!$A:$D,3,FALSE),"") -> 12 | D18: =IFERROR(VLOOKUP($A18,frequentiecodes!$A:$D,4,FALSE),"") -> op weeknummer | E18: 3 | F18: W | H18: 21 | I18: =IF(H18="","",DATE(YEAR(TODAY())+1,1,-2)-WEEKDAY(DATE(YEAR(TODAY())+1,1,3))+H18*7) -> 46531 | J18: 15 | K18: 5 | L18: 28 | M18: 5
A19: 12_zwem | B19: =IFERROR(VLOOKUP($A19,frequentiecodes!$A:$D,2,FALSE),"") -> tweewekelijks in het zwemseizoen | C19: =IFERROR(VLOOKUP($A19,frequentiecodes!$A:$D,3,FALSE),"") -> 12 | D19: =IFERROR(VLOOKUP($A19,frequentiecodes!$A:$D,4,FALSE),"") -> op weeknummer | E19: 4 | F19: W | H19: 23 | I19: =IF(H19="","",DATE(YEAR(TODAY())+1,1,-2)-WEEKDAY(DATE(YEAR(TODAY())+1,1,3))+H19*7) -> 46545 | J19: 29 | K19: 5 | L19: 11 | M19: 6
A20: 12_zwem | B20: =IFERROR(VLOOKUP($A20,frequentiecodes!$A:$D,2,FALSE),"") -> tweewekelijks in het zwemseizoen | C20: =IFERROR(VLOOKUP($A20,frequentiecodes!$A:$D,3,FALSE),"") -> 12 | D20: =IFERROR(VLOOKUP($A20,frequentiecodes!$A:$D,4,FALSE),"") -> op weeknummer | E20: 5 | F20: W | H20: 25 | I20: =IF(H20="","",DATE(YEAR(TODAY())+1,1,-2)-WEEKDAY(DATE(YEAR(TODAY())+1,1,3))+H20*7) -> 46559 | J20: 12 | K20: 6 | L20: 25 | M20: 6
A21: 12_zwem | B21: =IFERROR(VLOOKUP($A21,frequentiecodes!$A:$D,2,FALSE),"") -> tweewekelijks in het zwemseizoen | C21: =IFERROR(VLOOKUP($A21,frequentiecodes!$A:$D,3,FALSE),"") -> 12 | D21: =IFERROR(VLOOKUP($A21,frequentiecodes!$A:$D,4,FALSE),"") -> op weeknummer | E21: 6 | F21: W | H21: 27 | I21: =IF(H21="","",DATE(YEAR(TODAY())+1,1,-2)-WEEKDAY(DATE(YEAR(TODAY())+1,1,3))+H21*7) -> 46573 | J21: 26 | K21: 6 | L21: 9 | M21: 7
A22: 12_zwem | B22: =IFERROR(VLOOKUP($A22,frequentiecodes!$A:$D,2,FALSE),"") -> tweewekelijks in het zwemseizoen | C22: =IFERROR(VLOOKUP($A22,frequentiecodes!$A:$D,3,FALSE),"") -> 12 | D22: =IFERROR(VLOOKUP($A22,frequentiecodes!$A:$D,4,FALSE),"") -> op weeknummer | E22: 7 | F22: W | H22: 29 | I22: =IF(H22="","",DATE(YEAR(TODAY())+1,1,-2)-WEEKDAY(DATE(YEAR(TODAY())+1,1,3))+H22*7) -> 46587 | J22: 10 | K22: 7 | L22: 23 | M22: 7
A23: 12_zwem | B23: =IFERROR(VLOOKUP($A23,frequentiecodes!$A:$D,2,FALSE),"") -> tweewekelijks in het zwemseizoen | C23: =IFERROR(VLOOKUP($A23,frequentiecodes!$A:$D,3,FALSE),"") -> 12 | D23: =IFERROR(VLOOKUP($A23,frequentiecodes!$A:$D,4,FALSE),"") -> op weeknummer | E23: 8 | F23: W | H23: 31 | I23: =IF(H23="","",DATE(YEAR(TODAY())+1,1,-2)-WEEKDAY(DATE(YEAR(TODAY())+1,1,3))+H23*7) -> 46601 | J23: 24 | K23: 7 | L23: 6 | M23: 8
A24: 12_zwem | B24: =IFERROR(VLOOKUP($A24,frequentiecodes!$A:$D,2,FALSE),"") -> tweewekelijks in het zwemseizoen | C24: =IFERROR(VLOOKUP($A24,frequentiecodes!$A:$D,3,FALSE),"") -> 12 | D24: =IFERROR(VLOOKUP($A24,frequentiecodes!$A:$D,4,FALSE),"") -> op weeknummer | E24: 9 | F24: W | H24: 33 | I24: =IF(H24="","",DATE(YEAR(TODAY())+1,1,-2)-WEEKDAY(DATE(YEAR(TODAY())+1,1,3))+H24*7) -> 46615 | J24: 7 | K24: 8 | L24: 20 | M24: 8
A25: 12_zwem | B25: =IFERROR(VLOOKUP($A25,frequentiecodes!$A:$D,2,FALSE),"") -> tweewekelijks in het zwemseizoen | C25: =IFERROR(VLOOKUP($A25,frequentiecodes!$A:$D,3,FALSE),"") -> 12 | D25: =IFERROR(VLOOKUP($A25,frequentiecodes!$A:$D,4,FALSE),"") -> op weeknummer | E25: 10 | F25: W | H25: 35 | I25: =IF(H25="","",DATE(YEAR(TODAY())+1,1,-2)-WEEKDAY(DATE(YEAR(TODAY())+1,1,3))+H25*7) -> 46629 | J25: 21 | K25: 8 | L25: 3 | M25: 9
A26: 12_zwem | B26: =IFERROR(VLOOKUP($A26,frequentiecodes!$A:$D,2,FALSE),"") -> tweewekelijks in het zwemseizoen | C26: =IFERROR(VLOOKUP($A26,frequentiecodes!$A:$D,3,FALSE),"") -> 12 | D26: =IFERROR(VLOOKUP($A26,frequentiecodes!$A:$D,4,FALSE),"") -> op weeknummer | E26: 11 | F26: W | H26: 37 | I26: =IF(H26="","",DATE(YEAR(TODAY())+1,1,-2)-WEEKDAY(DATE(YEAR(TODAY())+1,1,3))+H26*7) -> 46643 | J26: 4 | K26: 9 | L26: 17 | M26: 9
A27: 12_zwem | B27: =IFERROR(VLOOKUP($A27,frequentiecodes!$A:$D,2,FALSE),"") -> tweewekelijks in het zwemseizoen | C27: =IFERROR(VLOOKUP($A27,frequentiecodes!$A:$D,3,FALSE),"") -> 12 | D27: =IFERROR(VLOOKUP($A27,frequentiecodes!$A:$D,4,FALSE),"") -> op weeknummer | E27: 12 | F27: W | H27: 39 | I27: =IF(H27="","",DATE(YEAR(TODAY())+1,1,-2)-WEEKDAY(DATE(YEAR(TODAY())+1,1,3))+H27*7) -> 46657 | J27: 18 | K27: 9 | L27: 1 | M27: 10 | N27: Deze 12e bemonstering is niet altijd noodzakelijk
A28: 3_zwem | B28: =IFERROR(VLOOKUP($A28,frequentiecodes!$A:$D,2,FALSE),"") -> begin, midden en eind zwemseizoen | C28: =IFERROR(VLOOKUP($A28,frequentiecodes!$A:$D,3,FALSE),"") -> 3 | D28: =IFERROR(VLOOKUP($A28,frequentiecodes!$A:$D,4,FALSE),"") -> op weeknummer | E28: 1 | F28: W | H28: 17 | I28: =IF(H28="","",DATE(YEAR(TODAY())+1,1,-2)-WEEKDAY(DATE(YEAR(TODAY())+1,1,3))+H28*7) -> 46503 | J28: 17 | K28: 4 | L28: 30 | M28: 4 | N28: Let op match met 12_m_zwem
A29: 3_zwem | B29: =IFERROR(VLOOKUP($A29,frequentiecodes!$A:$D,2,FALSE),"") -> begin, midden en eind zwemseizoen | C29: =IFERROR(VLOOKUP($A29,frequentiecodes!$A:$D,3,FALSE),"") -> 3 | D29: =IFERROR(VLOOKUP($A29,frequentiecodes!$A:$D,4,FALSE),"") -> op weeknummer | E29: 2 | F29: W | H29: 25 | I29: =IF(H29="","",DATE(YEAR(TODAY())+1,1,-2)-WEEKDAY(DATE(YEAR(TODAY())+1,1,3))+H29*7) -> 46559 | J29: 26 | K29: 6 | L29: 9 | M29: 7 | N29: Let op match met 12_m_zwem
A30: 3_zwem | B30: =IFERROR(VLOOKUP($A30,frequentiecodes!$A:$D,2,FALSE),"") -> begin, midden en eind zwemseizoen | C30: =IFERROR(VLOOKUP($A30,frequentiecodes!$A:$D,3,FALSE),"") -> 3 | D30: =IFERROR(VLOOKUP($A30,frequentiecodes!$A:$D,4,FALSE),"") -> op weeknummer | E30: 3 | F30: W | H30: 33 | I30: =IF(H30="","",DATE(YEAR(TODAY())+1,1,-2)-WEEKDAY(DATE(YEAR(TODAY())+1,1,3))+H30*7) -> 46615 | J30: 21 | K30: 8 | L30: 3 | M30: 9 | N30: Let op match met 12_m_zwem; niet helemaal aan het eind van het seizoen ivm sluitende locaties
A31: 4_gbm | B31: =IFERROR(VLOOKUP($A31,frequentiecodes!$A:$D,2,FALSE),"") -> in de maanden januari, april, juli en september | C31: =IFERROR(VLOOKUP($A31,frequentiecodes!$A:$D,3,FALSE),"") -> 4 | D31: =IFERROR(VLOOKUP($A31,frequentiecodes!$A:$D,4,FALSE),"") -> januari, april, juli, september - gbm | E31: 1 | F31: M | G31: 1 | I31: =IF(H31="","",DATE(YEAR(TODAY())+1,1,-2)-WEEKDAY(DATE(YEAR(TODAY())+1,1,3))+H31*7) | J31: 1 | K31: 1 | L31: 31 | M31: 1
A32: 4_gbm | B32: =IFERROR(VLOOKUP($A32,frequentiecodes!$A:$D,2,FALSE),"") -> in de maanden januari, april, juli en september | C32: =IFERROR(VLOOKUP($A32,frequentiecodes!$A:$D,3,FALSE),"") -> 4 | D32: =IFERROR(VLOOKUP($A32,frequentiecodes!$A:$D,4,FALSE),"") -> januari, april, juli, september - gbm | E32: 2 | F32: M | G32: 4 | I32: =IF(H32="","",DATE(YEAR(TODAY())+1,1,-2)-WEEKDAY(DATE(YEAR(TODAY())+1,1,3))+H32*7) | J32: 1 | K32: 4 | L32: 30 | M32: 4
A33: 4_gbm | B33: =IFERROR(VLOOKUP($A33,frequentiecodes!$A:$D,2,FALSE),"") -> in de maanden januari, april, juli en september | C33: =IFERROR(VLOOKUP($A33,frequentiecodes!$A:$D,3,FALSE),"") -> 4 | D33: =IFERROR(VLOOKUP($A33,frequentiecodes!$A:$D,4,FALSE),"") -> januari, april, juli, september - gbm | E33: 3 | F33: M | G33: 7 | I33: =IF(H33="","",DATE(YEAR(TODAY())+1,1,-2)-WEEKDAY(DATE(YEAR(TODAY())+1,1,3))+H33*7) | J33: 1 | K33: 7 | L33: 31 | M33: 7
A34: 4_gbm | B34: =IFERROR(VLOOKUP($A34,frequentiecodes!$A:$D,2,FALSE),"") -> in de maanden januari, april, juli en september | C34: =IFERROR(VLOOKUP($A34,frequentiecodes!$A:$D,3,FALSE),"") -> 4 | D34: =IFERROR(VLOOKUP($A34,frequentiecodes!$A:$D,4,FALSE),"") -> januari, april, juli, september - gbm | E34: 4 | F34: M | G34: 9 | I34: =IF(H34="","",DATE(YEAR(TODAY())+1,1,-2)-WEEKDAY(DATE(YEAR(TODAY())+1,1,3))+H34*7) | J34: 1 | K34: 9 | L34: 30 | M34: 9
A35: 6_m_oneven | B35: =IFERROR(VLOOKUP($A35,frequentiecodes!$A:$D,2,FALSE),"") -> in de oneven maanden | C35: =IFERROR(VLOOKUP($A35,frequentiecodes!$A:$D,3,FALSE),"") -> 6 | D35: =IFERROR(VLOOKUP($A35,frequentiecodes!$A:$D,4,FALSE),"") -> januari, maart, mei, juli, september, november | E35: 1 | F35: M | G35: 1 | I35: =IF(H35="","",DATE(YEAR(TODAY())+1,1,-2)-WEEKDAY(DATE(YEAR(TODAY())+1,1,3))+H35*7) | J35: 1 | K35: 1 | L35: 31 | M35: 1
A36: 6_m_oneven | B36: =IFERROR(VLOOKUP($A36,frequentiecodes!$A:$D,2,FALSE),"") -> in de oneven maanden | C36: =IFERROR(VLOOKUP($A36,frequentiecodes!$A:$D,3,FALSE),"") -> 6 | D36: =IFERROR(VLOOKUP($A36,frequentiecodes!$A:$D,4,FALSE),"") -> januari, maart, mei, juli, september, november | E36: 2 | F36: M | G36: 3 | I36: =IF(H36="","",DATE(YEAR(TODAY())+1,1,-2)-WEEKDAY(DATE(YEAR(TODAY())+1,1,3))+H36*7) | J36: 1 | K36: 3 | L36: 31 | M36: 3
A37: 6_m_oneven | B37: =IFERROR(VLOOKUP($A37,frequentiecodes!$A:$D,2,FALSE),"") -> in de oneven maanden | C37: =IFERROR(VLOOKUP($A37,frequentiecodes!$A:$D,3,FALSE),"") -> 6 | D37: =IFERROR(VLOOKUP($A37,frequentiecodes!$A:$D,4,FALSE),"") -> januari, maart, mei, juli, september, november | E37: 3 | F37: M | G37: 5 | I37: =IF(H37="","",DATE(YEAR(TODAY())+1,1,-2)-WEEKDAY(DATE(YEAR(TODAY())+1,1,3))+H37*7) | J37: 1 | K37: 5 | L37: 31 | M37: 5
A38: 6_m_oneven | B38: =IFERROR(VLOOKUP($A38,frequentiecodes!$A:$D,2,FALSE),"") -> in de oneven maanden | C38: =IFERROR(VLOOKUP($A38,frequentiecodes!$A:$D,3,FALSE),"") -> 6 | D38: =IFERROR(VLOOKUP($A38,frequentiecodes!$A:$D,4,FALSE),"") -> januari, maart, mei, juli, september, november | E38: 4 | F38: M | G38: 7 | I38: =IF(H38="","",DATE(YEAR(TODAY())+1,1,-2)-WEEKDAY(DATE(YEAR(TODAY())+1,1,3))+H38*7) | J38: 1 | K38: 7 | L38: 31 | M38: 7
A39: 6_m_oneven | B39: =IFERROR(VLOOKUP($A39,frequentiecodes!$A:$D,2,FALSE),"") -> in de oneven maanden | C39: =IFERROR(VLOOKUP($A39,frequentiecodes!$A:$D,3,FALSE),"") -> 6 | D39: =IFERROR(VLOOKUP($A39,frequentiecodes!$A:$D,4,FALSE),"") -> januari, maart, mei, juli, september, november | E39: 5 | F39: M | G39: 9 | I39: =IF(H39="","",DATE(YEAR(TODAY())+1,1,-2)-WEEKDAY(DATE(YEAR(TODAY())+1,1,3))+H39*7) | J39: 1 | K39: 9 | L39: 30 | M39: 9
A40: 6_m_oneven | B40: =IFERROR(VLOOKUP($A40,frequentiecodes!$A:$D,2,FALSE),"") -> in de oneven maanden | C40: =IFERROR(VLOOKUP($A40,frequentiecodes!$A:$D,3,FALSE),"") -> 6 | D40: =IFERROR(VLOOKUP($A40,frequentiecodes!$A:$D,4,FALSE),"") -> januari, maart, mei, juli, september, november | E40: 6 | F40: M | G40: 11 | I40: =IF(H40="","",DATE(YEAR(TODAY())+1,1,-2)-WEEKDAY(DATE(YEAR(TODAY())+1,1,3))+H40*7) | J40: 1 | K40: 11 | L40: 30 | M40: 11
A41: 7_m | B41: =IFERROR(VLOOKUP($A41,frequentiecodes!$A:$D,2,FALSE),"") -> maandelijks van maart tot september | C41: =IFERROR(VLOOKUP($A41,frequentiecodes!$A:$D,3,FALSE),"") -> 7 | D41: =IFERROR(VLOOKUP($A41,frequentiecodes!$A:$D,4,FALSE),"") | E41: 1 | F41: M | G41: 3 | I41: =IF(H41="","",DATE(YEAR(TODAY())+1,1,-2)-WEEKDAY(DATE(YEAR(TODAY())+1,1,3))+H41*7) | J41: 1 | K41: 3 | L41: 31 | M41: 3
A42: 7_m | B42: =IFERROR(VLOOKUP($A42,frequentiecodes!$A:$D,2,FALSE),"") -> maandelijks van maart tot september | C42: =IFERROR(VLOOKUP($A42,frequentiecodes!$A:$D,3,FALSE),"") -> 7 | D42: =IFERROR(VLOOKUP($A42,frequentiecodes!$A:$D,4,FALSE),"") | E42: 2 | F42: M | G42: 4 | I42: =IF(H42="","",DATE(YEAR(TODAY())+1,1,-2)-WEEKDAY(DATE(YEAR(TODAY())+1,1,3))+H42*7) | J42: 1 | K42: 4 | L42: 30 | M42: 4
... A47: 7_m | B47: =IFERROR(VLOOKUP($A47,frequentiecodes!$A:$D,2,FALSE),"") -> maandelijks van maart tot september | C47: =IFERROR(VLOOKUP($A47,frequentiecodes!$A:$D,3,FALSE),"") -> 7 | D47: =IFERROR(VLOOKUP($A47,frequentiecodes!$A:$D,4,FALSE),"") | E47: 7 | F47: M | G47: 9 | I47: =IF(H47="","",DATE(YEAR(TODAY())+1,1,-2)-WEEKDAY(DATE(YEAR(TODAY())+1,1,3))+H47*7) | J47: 1 | K47: 9 | L47: 30 | M47: 9
A48: 4_zomer | B48: =IFERROR(VLOOKUP($A48,frequentiecodes!$A:$D,2,FALSE),"") -> 4 keer in het zomerhalfjaar | C48: =IFERROR(VLOOKUP($A48,frequentiecodes!$A:$D,3,FALSE),"") -> 4 | D48: =IFERROR(VLOOKUP($A48,frequentiecodes!$A:$D,4,FALSE),"") | E48: 1 | F48: M | G48: 4 | I48: =IF(H48="","",DATE(YEAR(TODAY())+1,1,-2)-WEEKDAY(DATE(YEAR(TODAY())+1,1,3))+H48*7) | J48: 1 | K48: 4 | L48: 30 | M48: 4 | N48: oa voor KRW-fytoplankton
A49: 4_zomer | B49: =IFERROR(VLOOKUP($A49,frequentiecodes!$A:$D,2,FALSE),"") -> 4 keer in het zomerhalfjaar | C49: =IFERROR(VLOOKUP($A49,frequentiecodes!$A:$D,3,FALSE),"") -> 4 | D49: =IFERROR(VLOOKUP($A49,frequentiecodes!$A:$D,4,FALSE),"") | E49: 2 | F49: M | G49: 6 | I49: =IF(H49="","",DATE(YEAR(TODAY())+1,1,-2)-WEEKDAY(DATE(YEAR(TODAY())+1,1,3))+H49*7) | J49: 15 | K49: 5 | L49: 15 | M49: 6 | N49: oa voor KRW-fytoplankton
A50: 4_zomer | B50: =IFERROR(VLOOKUP($A50,frequentiecodes!$A:$D,2,FALSE),"") -> 4 keer in het zomerhalfjaar | C50: =IFERROR(VLOOKUP($A50,frequentiecodes!$A:$D,3,FALSE),"") -> 4 | D50: =IFERROR(VLOOKUP($A50,frequentiecodes!$A:$D,4,FALSE),"") | E50: 3 | F50: M | G50: 7 | I50: =IF(H50="","",DATE(YEAR(TODAY())+1,1,-2)-WEEKDAY(DATE(YEAR(TODAY())+1,1,3))+H50*7) | J50: 1 | K50: 7 | L50: 31 | M50: 7 | N50: oa voor KRW-fytoplankton
A51: 4_zomer | B51: =IFERROR(VLOOKUP($A51,frequentiecodes!$A:$D,2,FALSE),"") -> 4 keer in het zomerhalfjaar | C51: =IFERROR(VLOOKUP($A51,frequentiecodes!$A:$D,3,FALSE),"") -> 4 | D51: =IFERROR(VLOOKUP($A51,frequentiecodes!$A:$D,4,FALSE),"") | E51: 4 | F51: M | G51: 9 | I51: =IF(H51="","",DATE(YEAR(TODAY())+1,1,-2)-WEEKDAY(DATE(YEAR(TODAY())+1,1,3))+H51*7) | J51: 15 | K51: 8 | L51: 15 | M51: 9 | N51: oa voor KRW-fytoplankton
A52: 1_mafa | B52: =IFERROR(VLOOKUP($A52,frequentiecodes!$A:$D,2,FALSE),"") -> eenmalig in mei of juni | C52: =IFERROR(VLOOKUP($A52,frequentiecodes!$A:$D,3,FALSE),"") -> 1 | D52: =IFERROR(VLOOKUP($A52,frequentiecodes!$A:$D,4,FALSE),"") | E52: 1 | F52: M | G52: 5 | I52: =IF(H52="","",DATE(YEAR(TODAY())+1,1,-2)-WEEKDAY(DATE(YEAR(TODAY())+1,1,3))+H52*7) | J52: 1 | K52: 5 | L52: 30 | M52: 6 | N52: Periode omvat twee maanden
A53: 1_mafy | B53: =IFERROR(VLOOKUP($A53,frequentiecodes!$A:$D,2,FALSE),"") -> eenmalig tussen 15 juni en 15 augusutus | C53: =IFERROR(VLOOKUP($A53,frequentiecodes!$A:$D,3,FALSE),"") -> 1 | D53: =IFERROR(VLOOKUP($A53,frequentiecodes!$A:$D,4,FALSE),"") | E53: 1 | F53: M | G53: 7 | I53: =IF(H53="","",DATE(YEAR(TODAY())+1,1,-2)-WEEKDAY(DATE(YEAR(TODAY())+1,1,3))+H53*7) | J53: 15 | K53: 6 | L53: 15 | M53: 8 | N53: Periode omvat twee maanden
A54: afwijkend | B54: =IFERROR(VLOOKUP($A54,frequentiecodes!$A:$D,2,FALSE),"") -> afwijkende frequentie | C54: =IFERROR(VLOOKUP($A54,frequentiecodes!$A:$D,3,FALSE),"") | D54: =IFERROR(VLOOKUP($A54,frequentiecodes!$A:$D,4,FALSE),"") | F54: NVT | I54: =IF(H54="","",DATE(YEAR(TODAY())+1,1,-2)-WEEKDAY(DATE(YEAR(TODAY())+1,1,3))+H54*7) | N54: zoveel mogelijk vermijden; oa voor radioactiviteit
A55: 1_vis | B55: =IFERROR(VLOOKUP($A55,frequentiecodes!$A:$D,2,FALSE),"") -> eenmalig tussen 15 juli en 30 september | C55: =IFERROR(VLOOKUP($A55,frequentiecodes!$A:$D,3,FALSE),"") -> 1 | D55: =IFERROR(VLOOKUP($A55,frequentiecodes!$A:$D,4,FALSE),"") | E55: 1 | F55: M | G55: 8 | I55: =IF(H55="","",DATE(YEAR(TODAY())+1,1,-2)-WEEKDAY(DATE(YEAR(TODAY())+1,1,3))+H55*7) | J55: 15 | K55: 7 | L55: 30 | M55: 9 | N55: Periode omvat twee maanden
A56: 1_jul | B56: =IFERROR(VLOOKUP($A56,frequentiecodes!$A:$D,2,FALSE),"") -> eenmalig in juli | C56: =IFERROR(VLOOKUP($A56,frequentiecodes!$A:$D,3,FALSE),"") -> 1 | D56: =IFERROR(VLOOKUP($A56,frequentiecodes!$A:$D,4,FALSE),"") | E56: 1 | F56: M | G56: 7 | I56: =IF(H56="","",DATE(YEAR(TODAY())+1,1,-2)-WEEKDAY(DATE(YEAR(TODAY())+1,1,3))+H56*7) | J56: 1 | K56: 7 | L56: 31 | M56: 7
A57: 3_mjj | B57: =IFERROR(VLOOKUP($A57,frequentiecodes!$A:$D,2,FALSE),"") -> Mei, juni en juli | C57: =IFERROR(VLOOKUP($A57,frequentiecodes!$A:$D,3,FALSE),"") -> 3 | D57: =IFERROR(VLOOKUP($A57,frequentiecodes!$A:$D,4,FALSE),"") | E57: 1 | F57: M | G57: 5 | I57: =IF(H57="","",DATE(YEAR(TODAY())+1,1,-2)-WEEKDAY(DATE(YEAR(TODAY())+1,1,3))+H57*7) | J57: 1 | K57: 5 | L57: 31 | M57: 5
A58: 3_mjj | B58: =IFERROR(VLOOKUP($A58,frequentiecodes!$A:$D,2,FALSE),"") -> Mei, juni en juli | C58: =IFERROR(VLOOKUP($A58,frequentiecodes!$A:$D,3,FALSE),"") -> 3 | D58: =IFERROR(VLOOKUP($A58,frequentiecodes!$A:$D,4,FALSE),"") | E58: 2 | F58: M | G58: 6 | I58: =IF(H58="","",DATE(YEAR(TODAY())+1,1,-2)-WEEKDAY(DATE(YEAR(TODAY())+1,1,3))+H58*7) | J58: 1 | K58: 6 | L58: 30 | M58: 6
A59: 3_mjj | B59: =IFERROR(VLOOKUP($A59,frequentiecodes!$A:$D,2,FALSE),"") -> Mei, juni en juli | C59: =IFERROR(VLOOKUP($A59,frequentiecodes!$A:$D,3,FALSE),"") -> 3 | D59: =IFERROR(VLOOKUP($A59,frequentiecodes!$A:$D,4,FALSE),"") | E59: 3 | F59: M | G59: 7 | I59: =IF(H59="","",DATE(YEAR(TODAY())+1,1,-2)-WEEKDAY(DATE(YEAR(TODAY())+1,1,3))+H59*7) | J59: 1 | K59: 7 | L59: 31 | M59: 7
A60: 4_krw | B60: =IFERROR(VLOOKUP($A60,frequentiecodes!$A:$D,2,FALSE),"") -> In de maanden februari, mei, augustus en november | C60: =IFERROR(VLOOKUP($A60,frequentiecodes!$A:$D,3,FALSE),"") -> 4 | D60: =IFERROR(VLOOKUP($A60,frequentiecodes!$A:$D,4,FALSE),"") | E60: 1 | F60: M | G60: 2 | I60: =IF(H60="","",DATE(YEAR(TODAY())+1,1,-2)-WEEKDAY(DATE(YEAR(TODAY())+1,1,3))+H60*7) | J60: 1 | K60: 2 | L60: 28 | M60: 2
A61: 4_krw | B61: =IFERROR(VLOOKUP($A61,frequentiecodes!$A:$D,2,FALSE),"") -> In de maanden februari, mei, augustus en november | C61: =IFERROR(VLOOKUP($A61,frequentiecodes!$A:$D,3,FALSE),"") -> 4 | D61: =IFERROR(VLOOKUP($A61,frequentiecodes!$A:$D,4,FALSE),"") | E61: 2 | F61: M | G61: 5 | I61: =IF(H61="","",DATE(YEAR(TODAY())+1,1,-2)-WEEKDAY(DATE(YEAR(TODAY())+1,1,3))+H61*7) | J61: 1 | K61: 5 | L61: 31 | M61: 5
A62: 4_krw | B62: =IFERROR(VLOOKUP($A62,frequentiecodes!$A:$D,2,FALSE),"") -> In de maanden februari, mei, augustus en november | C62: =IFERROR(VLOOKUP($A62,frequentiecodes!$A:$D,3,FALSE),"") -> 4 | D62: =IFERROR(VLOOKUP($A62,frequentiecodes!$A:$D,4,FALSE),"") | E62: 3 | F62: M | G62: 8 | I62: =IF(H62="","",DATE(YEAR(TODAY())+1,1,-2)-WEEKDAY(DATE(YEAR(TODAY())+1,1,3))+H62*7) | J62: 1 | K62: 8 | L62: 31 | M62: 8
A63: 4_krw | B63: =IFERROR(VLOOKUP($A63,frequentiecodes!$A:$D,2,FALSE),"") -> In de maanden februari, mei, augustus en november | C63: =IFERROR(VLOOKUP($A63,frequentiecodes!$A:$D,3,FALSE),"") -> 4 | D63: =IFERROR(VLOOKUP($A63,frequentiecodes!$A:$D,4,FALSE),"") | E63: 4 | F63: M | G63: 11 | I63: =IF(H63="","",DATE(YEAR(TODAY())+1,1,-2)-WEEKDAY(DATE(YEAR(TODAY())+1,1,3))+H63*7) | J63: 1 | K63: 11 | L63: 30 | M63: 11
A64: 4_mjja | B64: =IFERROR(VLOOKUP($A64,frequentiecodes!$A:$D,2,FALSE),"") -> Mei, juni, juli en augustus | C64: =IFERROR(VLOOKUP($A64,frequentiecodes!$A:$D,3,FALSE),"") -> 4 | D64: =IFERROR(VLOOKUP($A64,frequentiecodes!$A:$D,4,FALSE),"") | E64: 1 | F64: M | G64: 5 | I64: =IF(H64="","",DATE(YEAR(TODAY())+1,1,-2)-WEEKDAY(DATE(YEAR(TODAY())+1,1,3))+H64*7) | J64: 1 | K64: 5 | L64: 31 | M64: 5
A65: 4_mjja | B65: =IFERROR(VLOOKUP($A65,frequentiecodes!$A:$D,2,FALSE),"") -> Mei, juni, juli en augustus | C65: =IFERROR(VLOOKUP($A65,frequentiecodes!$A:$D,3,FALSE),"") -> 4 | D65: =IFERROR(VLOOKUP($A65,frequentiecodes!$A:$D,4,FALSE),"") | E65: 2 | F65: M | G65: 6 | I65: =IF(H65="","",DATE(YEAR(TODAY())+1,1,-2)-WEEKDAY(DATE(YEAR(TODAY())+1,1,3))+H65*7) | J65: 1 | K65: 6 | L65: 30 | M65: 6
A66: 4_mjja | B66: =IFERROR(VLOOKUP($A66,frequentiecodes!$A:$D,2,FALSE),"") -> Mei, juni, juli en augustus | C66: =IFERROR(VLOOKUP($A66,frequentiecodes!$A:$D,3,FALSE),"") -> 4 | D66: =IFERROR(VLOOKUP($A66,frequentiecodes!$A:$D,4,FALSE),"") | E66: 3 | F66: M | G66: 7 | I66: =IF(H66="","",DATE(YEAR(TODAY())+1,1,-2)-WEEKDAY(DATE(YEAR(TODAY())+1,1,3))+H66*7) | J66: 1 | K66: 7 | L66: 31 | M66: 7
A67: 4_mjja | B67: =IFERROR(VLOOKUP($A67,frequentiecodes!$A:$D,2,FALSE),"") -> Mei, juni, juli en augustus | C67: =IFERROR(VLOOKUP($A67,frequentiecodes!$A:$D,3,FALSE),"") -> 4 | D67: =IFERROR(VLOOKUP($A67,frequentiecodes!$A:$D,4,FALSE),"") | E67: 5 | F67: M | G67: 8 | I67: =IF(H67="","",DATE(YEAR(TODAY())+1,1,-2)-WEEKDAY(DATE(YEAR(TODAY())+1,1,3))+H67*7) | J67: 1 | K67: 8 | L67: 31 | M67: 8
A68: 11_2w_jun_okt | B68: =IFERROR(VLOOKUP($A68,frequentiecodes!$A:$D,2,FALSE),"") -> Tweewekelijks van juni tot en met oktober | C68: =IFERROR(VLOOKUP($A68,frequentiecodes!$A:$D,3,FALSE),"") -> 11 | D68: =IFERROR(VLOOKUP($A68,frequentiecodes!$A:$D,4,FALSE),"") | E68: 1 | F68: W | H68: 23 | I68: =IF(H68="","",DATE(YEAR(TODAY())+1,1,-2)-WEEKDAY(DATE(YEAR(TODAY())+1,1,3))+H68*7) -> 46545 | J68: 1 | K68: 6 | L68: 14 | M68: 6
A69: 11_2w_jun_okt | B69: =IFERROR(VLOOKUP($A69,frequentiecodes!$A:$D,2,FALSE),"") -> Tweewekelijks van juni tot en met oktober | C69: =IFERROR(VLOOKUP($A69,frequentiecodes!$A:$D,3,FALSE),"") -> 11 | D69: =IFERROR(VLOOKUP($A69,frequentiecodes!$A:$D,4,FALSE),"") | E69: =E68+1 -> 2 | F69: W | H69: 25 | I69: =IF(H69="","",DATE(YEAR(TODAY())+1,1,-2)-WEEKDAY(DATE(YEAR(TODAY())+1,1,3))+H69*7) -> 46559 | J69: 15 | K69: 6 | L69: 28 | M69: 6
A70: 11_2w_jun_okt | B70: =IFERROR(VLOOKUP($A70,frequentiecodes!$A:$D,2,FALSE),"") -> Tweewekelijks van juni tot en met oktober | C70: =IFERROR(VLOOKUP($A70,frequentiecodes!$A:$D,3,FALSE),"") -> 11 | D70: =IFERROR(VLOOKUP($A70,frequentiecodes!$A:$D,4,FALSE),"") | E70: =E69+1 -> 3 | F70: W | H70: 27 | I70: =IF(H70="","",DATE(YEAR(TODAY())+1,1,-2)-WEEKDAY(DATE(YEAR(TODAY())+1,1,3))+H70*7) -> 46573 | J70: 29 | K70: 6 | L70: 12 | M70: 7
A71: 11_2w_jun_okt | B71: =IFERROR(VLOOKUP($A71,frequentiecodes!$A:$D,2,FALSE),"") -> Tweewekelijks van juni tot en met oktober | C71: =IFERROR(VLOOKUP($A71,frequentiecodes!$A:$D,3,FALSE),"") -> 11 | D71: =IFERROR(VLOOKUP($A71,frequentiecodes!$A:$D,4,FALSE),"") | E71: =E70+1 -> 4 | F71: W | H71: 29 | I71: =IF(H71="","",DATE(YEAR(TODAY())+1,1,-2)-WEEKDAY(DATE(YEAR(TODAY())+1,1,3))+H71*7) -> 46587 | J71: 13 | K71: 7 | L71: 26 | M71: 7
A72: 11_2w_jun_okt | B72: =IFERROR(VLOOKUP($A72,frequentiecodes!$A:$D,2,FALSE),"") -> Tweewekelijks van juni tot en met oktober | C72: =IFERROR(VLOOKUP($A72,frequentiecodes!$A:$D,3,FALSE),"") -> 11 | D72: =IFERROR(VLOOKUP($A72,frequentiecodes!$A:$D,4,FALSE),"") | E72: =E71+1 -> 5 | F72: W | H72: 31 | I72: =IF(H72="","",DATE(YEAR(TODAY())+1,1,-2)-WEEKDAY(DATE(YEAR(TODAY())+1,1,3))+H72*7) -> 46601 | J72: 27 | K72: 7 | L72: 9 | M72: 8
A73: 11_2w_jun_okt | B73: =IFERROR(VLOOKUP($A73,frequentiecodes!$A:$D,2,FALSE),"") -> Tweewekelijks van juni tot en met oktober | C73: =IFERROR(VLOOKUP($A73,frequentiecodes!$A:$D,3,FALSE),"") -> 11 | D73: =IFERROR(VLOOKUP($A73,frequentiecodes!$A:$D,4,FALSE),"") | E73: =E72+1 -> 6 | F73: W | H73: 33 | I73: =IF(H73="","",DATE(YEAR(TODAY())+1,1,-2)-WEEKDAY(DATE(YEAR(TODAY())+1,1,3))+H73*7) -> 46615 | J73: 10 | K73: 8 | L73: 23 | M73: 8
A74: 11_2w_jun_okt | B74: =IFERROR(VLOOKUP($A74,frequentiecodes!$A:$D,2,FALSE),"") -> Tweewekelijks van juni tot en met oktober | C74: =IFERROR(VLOOKUP($A74,frequentiecodes!$A:$D,3,FALSE),"") -> 11 | D74: =IFERROR(VLOOKUP($A74,frequentiecodes!$A:$D,4,FALSE),"") | E74: =E73+1 -> 7 | F74: W | H74: 35 | I74: =IF(H74="","",DATE(YEAR(TODAY())+1,1,-2)-WEEKDAY(DATE(YEAR(TODAY())+1,1,3))+H74*7) -> 46629 | J74: 24 | K74: 8 | L74: 6 | M74: 9
A75: 11_2w_jun_okt | B75: =IFERROR(VLOOKUP($A75,frequentiecodes!$A:$D,2,FALSE),"") -> Tweewekelijks van juni tot en met oktober | C75: =IFERROR(VLOOKUP($A75,frequentiecodes!$A:$D,3,FALSE),"") -> 11 | D75: =IFERROR(VLOOKUP($A75,frequentiecodes!$A:$D,4,FALSE),"") | E75: =E74+1 -> 8 | F75: W | H75: 37 | I75: =IF(H75="","",DATE(YEAR(TODAY())+1,1,-2)-WEEKDAY(DATE(YEAR(TODAY())+1,1,3))+H75*7) -> 46643 | J75: 7 | K75: 9 | L75: 20 | M75: 9
A76: 11_2w_jun_okt | B76: =IFERROR(VLOOKUP($A76,frequentiecodes!$A:$D,2,FALSE),"") -> Tweewekelijks van juni tot en met oktober | C76: =IFERROR(VLOOKUP($A76,frequentiecodes!$A:$D,3,FALSE),"") -> 11 | D76: =IFERROR(VLOOKUP($A76,frequentiecodes!$A:$D,4,FALSE),"") | E76: =E75+1 -> 9 | F76: W | H76: 39 | I76: =IF(H76="","",DATE(YEAR(TODAY())+1,1,-2)-WEEKDAY(DATE(YEAR(TODAY())+1,1,3))+H76*7) -> 46657 | J76: 21 | K76: 9 | L76: 4 | M76: 10
A77: 11_2w_jun_okt | B77: =IFERROR(VLOOKUP($A77,frequentiecodes!$A:$D,2,FALSE),"") -> Tweewekelijks van juni tot en met oktober | C77: =IFERROR(VLOOKUP($A77,frequentiecodes!$A:$D,3,FALSE),"") -> 11 | D77: =IFERROR(VLOOKUP($A77,frequentiecodes!$A:$D,4,FALSE),"") | E77: =E76+1 -> 10 | F77: W | H77: 41 | I77: =IF(H77="","",DATE(YEAR(TODAY())+1,1,-2)-WEEKDAY(DATE(YEAR(TODAY())+1,1,3))+H77*7) -> 46671 | J77: 5 | K77: 10 | L77: 18 | M77: 10
A78: 11_2w_jun_okt | B78: =IFERROR(VLOOKUP($A78,frequentiecodes!$A:$D,2,FALSE),"") -> Tweewekelijks van juni tot en met oktober | C78: =IFERROR(VLOOKUP($A78,frequentiecodes!$A:$D,3,FALSE),"") -> 11 | D78: =IFERROR(VLOOKUP($A78,frequentiecodes!$A:$D,4,FALSE),"") | E78: =E77+1 -> 11 | F78: W | H78: 43 | I78: =IF(H78="","",DATE(YEAR(TODAY())+1,1,-2)-WEEKDAY(DATE(YEAR(TODAY())+1,1,3))+H78*7) -> 46685 | J78: 19 | K78: 10 | L78: 1 | M78: 11
A79: 7_2w_apr_jun | B79: =IFERROR(VLOOKUP($A79,frequentiecodes!$A:$D,2,FALSE),"") -> Tweewekelijks april tot en met juni | C79: =IFERROR(VLOOKUP($A79,frequentiecodes!$A:$D,3,FALSE),"") -> 7 | D79: =IFERROR(VLOOKUP($A79,frequentiecodes!$A:$D,4,FALSE),"") | E79: 1 | F79: W | H79: 14 | I79: =IF(H79="","",DATE(YEAR(TODAY())+1,1,-2)-WEEKDAY(DATE(YEAR(TODAY())+1,1,3))+H79*7) -> 46482 | J79: 30 | K79: 3 | L79: 12 | M79: 4
A80: 7_2w_apr_jun | B80: =IFERROR(VLOOKUP($A80,frequentiecodes!$A:$D,2,FALSE),"") -> Tweewekelijks april tot en met juni | C80: =IFERROR(VLOOKUP($A80,frequentiecodes!$A:$D,3,FALSE),"") -> 7 | D80: =IFERROR(VLOOKUP($A80,frequentiecodes!$A:$D,4,FALSE),"") | E80: 2 | F80: W | H80: 16 | I80: =IF(H80="","",DATE(YEAR(TODAY())+1,1,-2)-WEEKDAY(DATE(YEAR(TODAY())+1,1,3))+H80*7) -> 46496 | J80: 13 | K80: 4 | L80: 26 | M80: 4
A81: 7_2w_apr_jun | B81: =IFERROR(VLOOKUP($A81,frequentiecodes!$A:$D,2,FALSE),"") -> Tweewekelijks april tot en met juni | C81: =IFERROR(VLOOKUP($A81,frequentiecodes!$A:$D,3,FALSE),"") -> 7 | D81: =IFERROR(VLOOKUP($A81,frequentiecodes!$A:$D,4,FALSE),"") | E81: 3 | F81: W | H81: 18 | I81: =IF(H81="","",DATE(YEAR(TODAY())+1,1,-2)-WEEKDAY(DATE(YEAR(TODAY())+1,1,3))+H81*7) -> 46510 | J81: 27 | K81: 4 | L81: 10 | M81: 5
A82: 7_2w_apr_jun | B82: =IFERROR(VLOOKUP($A82,frequentiecodes!$A:$D,2,FALSE),"") -> Tweewekelijks april tot en met juni | C82: =IFERROR(VLOOKUP($A82,frequentiecodes!$A:$D,3,FALSE),"") -> 7 | D82: =IFERROR(VLOOKUP($A82,frequentiecodes!$A:$D,4,FALSE),"") | E82: 4 | F82: W | H82: 20 | I82: =IF(H82="","",DATE(YEAR(TODAY())+1,1,-2)-WEEKDAY(DATE(YEAR(TODAY())+1,1,3))+H82*7) -> 46524 | J82: 11 | K82: 5 | L82: 24 | M82: 5
A83: 7_2w_apr_jun | B83: =IFERROR(VLOOKUP($A83,frequentiecodes!$A:$D,2,FALSE),"") -> Tweewekelijks april tot en met juni | C83: =IFERROR(VLOOKUP($A83,frequentiecodes!$A:$D,3,FALSE),"") -> 7 | D83: =IFERROR(VLOOKUP($A83,frequentiecodes!$A:$D,4,FALSE),"") | E83: 5 | F83: W | H83: 22 | I83: =IF(H83="","",DATE(YEAR(TODAY())+1,1,-2)-WEEKDAY(DATE(YEAR(TODAY())+1,1,3))+H83*7) -> 46538 | J83: 25 | K83: 5 | L83: 7 | M83: 6
A84: 7_2w_apr_jun | B84: =IFERROR(VLOOKUP($A84,frequentiecodes!$A:$D,2,FALSE),"") -> Tweewekelijks april tot en met juni | C84: =IFERROR(VLOOKUP($A84,frequentiecodes!$A:$D,3,FALSE),"") -> 7 | D84: =IFERROR(VLOOKUP($A84,frequentiecodes!$A:$D,4,FALSE),"") | E84: 6 | F84: W | H84: 24 | I84: =IF(H84="","",DATE(YEAR(TODAY())+1,1,-2)-WEEKDAY(DATE(YEAR(TODAY())+1,1,3))+H84*7) -> 46552 | J84: 8 | K84: 6 | L84: 21 | M84: 6
A85: 7_2w_apr_jun | B85: =IFERROR(VLOOKUP($A85,frequentiecodes!$A:$D,2,FALSE),"") -> Tweewekelijks april tot en met juni | C85: =IFERROR(VLOOKUP($A85,frequentiecodes!$A:$D,3,FALSE),"") -> 7 | D85: =IFERROR(VLOOKUP($A85,frequentiecodes!$A:$D,4,FALSE),"") | E85: 7 | F85: W | H85: 26 | I85: =IF(H85="","",DATE(YEAR(TODAY())+1,1,-2)-WEEKDAY(DATE(YEAR(TODAY())+1,1,3))+H85*7) -> 46566 | J85: 22 | K85: 6 | L85: 5 | M85: 7
A86: 4_kwartaal_1 | B86: =IFERROR(VLOOKUP($A86,frequentiecodes!$A:$D,2,FALSE),"") -> Elk kwartaal in eerste maand (januari, april, juli en oktober) | C86: =IFERROR(VLOOKUP($A86,frequentiecodes!$A:$D,3,FALSE),"") -> 4 | D86: =IFERROR(VLOOKUP($A86,frequentiecodes!$A:$D,4,FALSE),"") | E86: 1 | F86: M | G86: 1 | I86: =IF(H86="","",DATE(YEAR(TODAY())+1,1,-2)-WEEKDAY(DATE(YEAR(TODAY())+1,1,3))+H86*7) | J86: 1 | K86: 1 | L86: 31 | M86: 1
A87: 4_kwartaal_1 | B87: =IFERROR(VLOOKUP($A87,frequentiecodes!$A:$D,2,FALSE),"") -> Elk kwartaal in eerste maand (januari, april, juli en oktober) | C87: =IFERROR(VLOOKUP($A87,frequentiecodes!$A:$D,3,FALSE),"") -> 4 | D87: =IFERROR(VLOOKUP($A87,frequentiecodes!$A:$D,4,FALSE),"") | E87: 2 | F87: M | G87: 4 | I87: =IF(H87="","",DATE(YEAR(TODAY())+1,1,-2)-WEEKDAY(DATE(YEAR(TODAY())+1,1,3))+H87*7) | J87: 1 | K87: 4 | L87: 30 | M87: 4
A88: 4_kwartaal_1 | B88: =IFERROR(VLOOKUP($A88,frequentiecodes!$A:$D,2,FALSE),"") -> Elk kwartaal in eerste maand (januari, april, juli en oktober) | C88: =IFERROR(VLOOKUP($A88,frequentiecodes!$A:$D,3,FALSE),"") -> 4 | D88: =IFERROR(VLOOKUP($A88,frequentiecodes!$A:$D,4,FALSE),"") | E88: 3 | F88: M | G88: 7 | I88: =IF(H88="","",DATE(YEAR(TODAY())+1,1,-2)-WEEKDAY(DATE(YEAR(TODAY())+1,1,3))+H88*7) | J88: 1 | K88: 7 | L88: 31 | M88: 7
A89: 4_kwartaal_1 | B89: =IFERROR(VLOOKUP($A89,frequentiecodes!$A:$D,2,FALSE),"") -> Elk kwartaal in eerste maand (januari, april, juli en oktober) | C89: =IFERROR(VLOOKUP($A89,frequentiecodes!$A:$D,3,FALSE),"") -> 4 | D89: =IFERROR(VLOOKUP($A89,frequentiecodes!$A:$D,4,FALSE),"") | E89: 4 | F89: M | G89: 10 | I89: =IF(H89="","",DATE(YEAR(TODAY())+1,1,-2)-WEEKDAY(DATE(YEAR(TODAY())+1,1,3))+H89*7) | J89: 1 | K89: 10 | L89: 31 | M89: 10
A90: 1_kreeft | B90: =IFERROR(VLOOKUP($A90,frequentiecodes!$A:$D,2,FALSE),"") -> Eenmalig in mei of juni | C90: =IFERROR(VLOOKUP($A90,frequentiecodes!$A:$D,3,FALSE),"") -> 1 | D90: =IFERROR(VLOOKUP($A90,frequentiecodes!$A:$D,4,FALSE),"") | E90: 1 | F90: M | G90: 5 | I90: =IF(H90="","",DATE(YEAR(TODAY())+1,1,-2)-WEEKDAY(DATE(YEAR(TODAY())+1,1,3))+H90*7) | J90: 1 | K90: 5 | L90: 30 | M90: 6 | N90: Periode omvat twee maanden
A91: 4_amjj | B91: =IFERROR(VLOOKUP($A91,frequentiecodes!$A:$D,2,FALSE),"") -> April, mei, juni en juli | C91: =IFERROR(VLOOKUP($A91,frequentiecodes!$A:$D,3,FALSE),"") -> 4 | D91: =IFERROR(VLOOKUP($A91,frequentiecodes!$A:$D,4,FALSE),"") | E91: 1 | F91: M | G91: 4 | I91: =IF(H91="","",DATE(YEAR(TODAY())+1,1,-2)-WEEKDAY(DATE(YEAR(TODAY())+1,1,3))+H91*7) | J91: 1 | K91: 4 | L91: 30 | M91: 4
A92: 4_amjj | B92: =IFERROR(VLOOKUP($A92,frequentiecodes!$A:$D,2,FALSE),"") -> April, mei, juni en juli | C92: =IFERROR(VLOOKUP($A92,frequentiecodes!$A:$D,3,FALSE),"") -> 4 | D92: =IFERROR(VLOOKUP($A92,frequentiecodes!$A:$D,4,FALSE),"") | E92: 2 | F92: M | G92: 5 | I92: =IF(H92="","",DATE(YEAR(TODAY())+1,1,-2)-WEEKDAY(DATE(YEAR(TODAY())+1,1,3))+H92*7) | J92: 1 | K92: 5 | L92: 31 | M92: 5
A93: 4_amjj | B93: =IFERROR(VLOOKUP($A93,frequentiecodes!$A:$D,2,FALSE),"") -> April, mei, juni en juli | C93: =IFERROR(VLOOKUP($A93,frequentiecodes!$A:$D,3,FALSE),"") -> 4 | D93: =IFERROR(VLOOKUP($A93,frequentiecodes!$A:$D,4,FALSE),"") | E93: 3 | F93: M | G93: 6 | I93: =IF(H93="","",DATE(YEAR(TODAY())+1,1,-2)-WEEKDAY(DATE(YEAR(TODAY())+1,1,3))+H93*7) | J93: 1 | K93: 6 | L93: 30 | M93: 6
A94: 4_amjj | B94: =IFERROR(VLOOKUP($A94,frequentiecodes!$A:$D,2,FALSE),"") -> April, mei, juni en juli | C94: =IFERROR(VLOOKUP($A94,frequentiecodes!$A:$D,3,FALSE),"") -> 4 | D94: =IFERROR(VLOOKUP($A94,frequentiecodes!$A:$D,4,FALSE),"") | E94: 4 | F94: M | G94: 7 | I94: =IF(H94="","",DATE(YEAR(TODAY())+1,1,-2)-WEEKDAY(DATE(YEAR(TODAY())+1,1,3))+H94*7) | J94: 1 | K94: 7 | L94: 31 | M94: 7
A95: 5_mjjas | B95: =IFERROR(VLOOKUP($A95,frequentiecodes!$A:$D,2,FALSE),"") -> Mei, juni, juli, augustus, september | C95: =IFERROR(VLOOKUP($A95,frequentiecodes!$A:$D,3,FALSE),"") -> 5 | D95: =IFERROR(VLOOKUP($A95,frequentiecodes!$A:$D,4,FALSE),"") | E95: 1 | F95: M | G95: 5 | I95: =IF(H95="","",DATE(YEAR(TODAY())+1,1,-2)-WEEKDAY(DATE(YEAR(TODAY())+1,1,3))+H95*7) | J95: 1 | K95: 5 | L95: 31 | M95: 5
A96: 5_mjjas | B96: =IFERROR(VLOOKUP($A96,frequentiecodes!$A:$D,2,FALSE),"") -> Mei, juni, juli, augustus, september | C96: =IFERROR(VLOOKUP($A96,frequentiecodes!$A:$D,3,FALSE),"") -> 5 | D96: =IFERROR(VLOOKUP($A96,frequentiecodes!$A:$D,4,FALSE),"") | E96: 2 | F96: M | G96: 6 | I96: =IF(H96="","",DATE(YEAR(TODAY())+1,1,-2)-WEEKDAY(DATE(YEAR(TODAY())+1,1,3))+H96*7) | J96: 1 | K96: 6 | L96: 30 | M96: 6
A97: 5_mjjas | B97: =IFERROR(VLOOKUP($A97,frequentiecodes!$A:$D,2,FALSE),"") -> Mei, juni, juli, augustus, september | C97: =IFERROR(VLOOKUP($A97,frequentiecodes!$A:$D,3,FALSE),"") -> 5 | D97: =IFERROR(VLOOKUP($A97,frequentiecodes!$A:$D,4,FALSE),"") | E97: 3 | F97: M | G97: 7 | I97: =IF(H97="","",DATE(YEAR(TODAY())+1,1,-2)-WEEKDAY(DATE(YEAR(TODAY())+1,1,3))+H97*7) | J97: 1 | K97: 7 | L97: 31 | M97: 7
A98: 5_mjjas | B98: =IFERROR(VLOOKUP($A98,frequentiecodes!$A:$D,2,FALSE),"") -> Mei, juni, juli, augustus, september | C98: =IFERROR(VLOOKUP($A98,frequentiecodes!$A:$D,3,FALSE),"") -> 5 | D98: =IFERROR(VLOOKUP($A98,frequentiecodes!$A:$D,4,FALSE),"") | E98: 4 | F98: M | G98: 8 | I98: =IF(H98="","",DATE(YEAR(TODAY())+1,1,-2)-WEEKDAY(DATE(YEAR(TODAY())+1,1,3))+H98*7) | J98: 1 | K98: 8 | L98: 31 | M98: 8
A99: 5_mjjas | B99: =IFERROR(VLOOKUP($A99,frequentiecodes!$A:$D,2,FALSE),"") -> Mei, juni, juli, augustus, september | C99: =IFERROR(VLOOKUP($A99,frequentiecodes!$A:$D,3,FALSE),"") -> 5 | D99: =IFERROR(VLOOKUP($A99,frequentiecodes!$A:$D,4,FALSE),"") | E99: 5 | F99: M | G99: 9 | I99: =IF(H99="","",DATE(YEAR(TODAY())+1,1,-2)-WEEKDAY(DATE(YEAR(TODAY())+1,1,3))+H99*7) | J99: 1 | K99: 9 | L99: 30 | M99: 9
A100: 12_m_zwem | B100: =IFERROR(VLOOKUP($A100,frequentiecodes!$A:$D,2,FALSE),"") -> maandelijks icm zwemwater | C100: =IFERROR(VLOOKUP($A100,frequentiecodes!$A:$D,3,FALSE),"") -> 12 | D100: =IFERROR(VLOOKUP($A100,frequentiecodes!$A:$D,4,FALSE),"") -> maandelijks metingen, in de zomer op weeknummer | E100: 1 | F100: M | G100: 1 | I100: =IF(H100="","",DATE(YEAR(TODAY())+1,1,-2)-WEEKDAY(DATE(YEAR(TODAY())+1,1,3))+H100*7) | J100: 1 | K100: 1 | L100: 31 | M100: 1
A101: 12_m_zwem | B101: =IFERROR(VLOOKUP($A101,frequentiecodes!$A:$D,2,FALSE),"") -> maandelijks icm zwemwater | C101: =IFERROR(VLOOKUP($A101,frequentiecodes!$A:$D,3,FALSE),"") -> 12 | D101: =IFERROR(VLOOKUP($A101,frequentiecodes!$A:$D,4,FALSE),"") -> maandelijks metingen, in de zomer op weeknummer | E101: 2 | F101: M | G101: 2 | I101: =IF(H101="","",DATE(YEAR(TODAY())+1,1,-2)-WEEKDAY(DATE(YEAR(TODAY())+1,1,3))+H101*7) | J101: 1 | K101: 2 | L101: 28 | M101: 2
A102: 12_m_zwem | B102: =IFERROR(VLOOKUP($A102,frequentiecodes!$A:$D,2,FALSE),"") -> maandelijks icm zwemwater | C102: =IFERROR(VLOOKUP($A102,frequentiecodes!$A:$D,3,FALSE),"") -> 12 | D102: =IFERROR(VLOOKUP($A102,frequentiecodes!$A:$D,4,FALSE),"") -> maandelijks metingen, in de zomer op weeknummer | E102: 3 | F102: M | G102: 3 | I102: =IF(H102="","",DATE(YEAR(TODAY())+1,1,-2)-WEEKDAY(DATE(YEAR(TODAY())+1,1,3))+H102*7) | J102: 1 | K102: 3 | L102: 31 | M102: 3
A103: 12_m_zwem | B103: =IFERROR(VLOOKUP($A103,frequentiecodes!$A:$D,2,FALSE),"") -> maandelijks icm zwemwater | C103: =IFERROR(VLOOKUP($A103,frequentiecodes!$A:$D,3,FALSE),"") -> 12 | D103: =IFERROR(VLOOKUP($A103,frequentiecodes!$A:$D,4,FALSE),"") -> maandelijks metingen, in de zomer op weeknummer | E103: 4 | F103: W | H103: 17 | I103: =IF(H103="","",DATE(YEAR(TODAY())+1,1,-2)-WEEKDAY(DATE(YEAR(TODAY())+1,1,3))+H103*7) -> 46503 | J103: 17 | K103: 4 | L103: 30 | M103: 4 | N103: Let op match met 3_zwem
A104: 12_m_zwem | B104: =IFERROR(VLOOKUP($A104,frequentiecodes!$A:$D,2,FALSE),"") -> maandelijks icm zwemwater | C104: =IFERROR(VLOOKUP($A104,frequentiecodes!$A:$D,3,FALSE),"") -> 12 | D104: =IFERROR(VLOOKUP($A104,frequentiecodes!$A:$D,4,FALSE),"") -> maandelijks metingen, in de zomer op weeknummer | E104: 5 | F104: W | H104: 21 | I104: =IF(H104="","",DATE(YEAR(TODAY())+1,1,-2)-WEEKDAY(DATE(YEAR(TODAY())+1,1,3))+H104*7) -> 46531 | J104: 15 | K104: 5 | L104: 28 | M104: 5 | N104: Let op match met 3_zwem
A105: 12_m_zwem | B105: =IFERROR(VLOOKUP($A105,frequentiecodes!$A:$D,2,FALSE),"") -> maandelijks icm zwemwater | C105: =IFERROR(VLOOKUP($A105,frequentiecodes!$A:$D,3,FALSE),"") -> 12 | D105: =IFERROR(VLOOKUP($A105,frequentiecodes!$A:$D,4,FALSE),"") -> maandelijks metingen, in de zomer op weeknummer | E105: 6 | F105: W | H105: 25 | I105: =IF(H105="","",DATE(YEAR(TODAY())+1,1,-2)-WEEKDAY(DATE(YEAR(TODAY())+1,1,3))+H105*7) -> 46559 | J105: 12 | K105: 6 | L105: 25 | M105: 6 | N105: Let op match met 3_zwem
...

Sheet WNS Dawaco
A1: wns | B1: parnr_dawaco | C1: parameter_dawaco
A2: WNS2261 | B2: 1 | C2: Chloride
A3: WNS2363 | B3: 2 | C3: Fosfaat [Ortho-fosfaat]
A4: WNS2354 | B4: 3 | C4: Fosfor totaal
A5: WNS2336 | B5: 4 | C5: Ammonium
A6: WNS2323 | B6: 5 | C6: Stikstof Kjeldahl
A7: WNS1745 | B7: 6 | C7: Som nitraat en nitriet
A8: WNS2333 | B8: 7 | C8: Stikstof totaal
A9: WNS1836 | B9: 8 | C9: Sulfaat
A10: WNS3390 | B10: 9 | C10: Geleidendheid bij 25oC
A11: WNS1436 | B11: 10 | C11: Zuurstof
A12: WNS2352 | B12: 11 | C12: Zuurstofverzadingspercentage
A13: WNS1588 | B13: 12 | C13: Zuurgraad
... A52: WNS8375 | B52: 114 | C52: Aantal vogels
B53: 115 | C53: Wateroppervlak
A54: WNS431 | B54: 200 | C54: Aluminium
A55: WNS476 | B55: 201 | C55: Arseen
A56: WNS496 | B56: 202 | C56: Barium
A57: WNS649 | B57: 203 | C57: Cadmium
A58: WNS618 | B58: 204 | C58: Calcium
A59: WNS718 | B59: 205 | C59: Chroom
A60: WNS1042 | B60: 206 | C60: IJzer
A61: WNS1198 | B61: 207 | C61: Kalium
A62: WNS691 | B62: 208 | C62: Kobalt
A63: WNS742 | B63: 209 | C63: Koper
A64: WNS1147 | B64: 210 | C64: Kwik
A65: WNS1471 | B65: 211 | C65: Lood
... A169: WNS11508 | B169: 490 | C169: C-fycocyanine (WISP)
B170: 500 | C170: fosfor organisch (berekend Ptot-PO4)
B171: 501 | C171: stikstof organisch (berekend NKj-NH4)
A172: WNS4534 | B172: 502 | C172: Ionenratio (berekend Ca en Cl)
A173: WNS2333 | B173: 503 | C173: Stikstof totaal (berekend)
A174: WNS2323 | B174: 504 | C174: Stikstof Kjeldahl (berekend)
A175: WNS7476 | B175: 505 | C175: Stikstof anorganisch (berekend NH4+Nox)
B176: 506 | C176: Doorzicht/diepte ratio (berekend)
A177: WNS5150 | B177: 507 | C177: Hardheid (berekend)
A178: WNS10496 | B178: 508 | C178: Ionenbalans
B179: 700 | C179: Fosfor totaal [drijflaag]
B180: 701 | C180: Stikstof totaal [drijflaag]
A181: WNS9400 | B181: 702 | C181: Anatoxine-a [drijflaag]
A182: WNS9410 | B182: 703 | C182: Microcystine-LR [drijflaag]
A183: WNS9427 | B183: 704 | C183: Microcystine-RR [drijflaag]
A184: WNS9429 | B184: 705 | C184: Microcystine-YR [drijflaag]
A185: WNS5252 | B185: 800 | C185: americium 241
A186: WNS726 | B186: 801 | C186: cesium 134
A187: WNS730 | B187: 802 | C187: cesium 137
A188: WNS1158 | B188: 803 | C188: jodium 131
A189: WNS4535 | B189: 804 | C189: kalium 40
A190: WNS4156 | B190: 805 | C190: kobalt 60
A191: WNS5121 | B191: 806 | C191: mangaan 54
A192: WNS9968 | B192: 807 | C192: Rest Beta
... A199: WNS9943 | B199: 901 | C199: Monsterdiepte
B200: 902 | C200: Bemonsteringstijdstip
A201: WNS11483 | B201: 903 | C201: X-coordinaat
A202: WNS11485 | B202: 904 | C202: Y-coordinaat
A203: WNS8389 | B203: 1000 | C203: (3-chloor-4-methylfenyl)urea
A204: WNS2846 | B204: 1001 | C204: 2,4,5-trichloorfenoxyazijnzuur
A205: WNS2852 | B205: 1002 | C205: 2,4,5-trichloorfenoxypropionzuur
A206: WNS2216 | B206: 1003 | C206: 2,4'-dichloordifenyldichloorethaan
A207: WNS2220 | B207: 1004 | C207: 2,4'-dichloordifenyldichlooretheen
A208: WNS2224 | B208: 1005 | C208: 2,4'-dichloordifenyltrichloorethaan
A209: WNS2854 | B209: 1006 | C209: 2,4-dichloorfenoxyazijnzuur
A210: WNS2859 | B210: 1007 | C210: 2,4-dichloorfenoxyboterzuur
A211: WNS208 | B211: 1008 | C211: 2,4-dichloorfenoxypropionzuur
A212: WNS204 | B212: 1009 | C212: 2,4-dinitrofenol
... A765: WNS13730 | B765: 2435 | C765: 1H,1H,2H,2H-perfluordodecaansulfonzuur (10:2 FTS)
B766: 2499 | C766: som PFOA-equivalenten (berekend)
A767: WNS2280 | B767: 2500 | C767: dibutyltin (kation)
A768: WNS7082 | B768: 2501 | C768: dicyclohexyltin (kation)
A769: WNS4342 | B769: 2502 | C769: difenyltin (kation)
A770: WNS4454 | B770: 2503 | C770: tetrabutyltin
A771: WNS1967 | B771: 2504 | C771: tributyltin (kation)
A772: WNS2842 | B772: 2505 | C772: tricyclohexyltin (kation)
A773: WNS2037 | B773: 2506 | C773: trifenyltin (kation)
A774: WNS10032 | B774: 3000 | C774: Alkaliteit [poriewater]
A775: WNS10031 | B775: 3001 | C775: aluminium [poriewater]
A776: WNS9470 | B776: 3002 | C776: ammonium [poriewater]
A777: WNS9472 | B777: 3003 | C777: calcium [poriewater]
A778: WNS9468 | B778: 3004 | C778: chloride [poriewater]
... A780: WNS9467 | B780: 3006 | C780: fosfor totaal [poriewater]
B781: 3007 | C781: Geleidendheid [poriewater]
A782: WNS9471 | B782: 3008 | C782: ijzer [poriewater]
A783: WNS10036 | B783: 3009 | C783: kalium [poriewater]
A784: WNS10033 | B784: 3010 | C784: kooldioxide [poriewater]
A785: WNS10037 | B785: 3011 | C785: magnesium [poriewater]
A786: WNS10038 | B786: 3012 | C786: mangaan [poriewater]
A787: WNS10039 | B787: 3013 | C787: natrium [poriewater]
A788: WNS10040 | B788: 3014 | C788: nitraat [poriewater]
A789: WNS10041 | B789: 3015 | C789: silicium [poriewater]
A790: WNS9469 | B790: 3016 | C790: som nitraat en nitriet [poriewater]
A791: WNS9473 | B791: 3017 | C791: sulfaat [poriewater]
A792: WNS10035 | B792: 3018 | C792: waterstofcarbonaat [poriewater]
A793: WNS9465 | B793: 3019 | C793: Zuurgraad [poriewater]
B794: 9000 | C794: Methyleenblauwontkleuring (redoxindicator)
A795: WNS2973 | B795: 9001 | C795: som cholinesteraseremmers
A796: WNS6691 | B796: 9002 | C796: P-getal (pH 8,3)
A797: WNS6692 | B797: 9003 | C797: M-getal (pH 4,4)
B798: 9004 | C798: Zuurverbruik (pH 4,2)
B799: 9005 | C799: Baseverbruik (pH 8,5)
B800: 9006 | C800: Zwavel (octylzwavel)
...

Sheet maand_week_overlap
A1: week | B1: maand
A2: 1 | B2: 1
A3: 2 | B3: 1
A4: 3 | B4: 1
A5: 4 | B5: 1
A6: 5 | B6: 1
A7: 5 | B7: 2
A8: 6 | B8: 2
A9: 7 | B9: 2
A10: 8 | B10: 2
A11: 9 | B11: 2
A12: 9 | B12: 3
A13: 10 | B13: 3
... A64: 53 | B64: 12

Sheet meetnetten_kerkhof
A1: meetnet_nr | B1: meetnet_omschrijving | C1: meetnet_code | D1: meetpunt_code | E1: artikelgroep_code | F1: frequentie_code | G1: roulerend | H1: meetjaar_code | I1: meetjaar | J1: actief | K1: datum_begin | L1: datum_eind | M1: aquon | N1: opmerkingen | O1: Opletten bij meetvraag
A2: 1012 | B2: Aanleg verbinding A13-A16 | C2: a13a16 | D2: S_0054 | E2: ijzer | F2: 12_m | G2: FALSE | J2: FALSE | K2: 43831 | L2: 44196
A3: 1012 | B3: Aanleg verbinding A13-A16 | C3: a13a16 | D3: S_0828 | E3: ijzer | F3: 12_m | G3: FALSE | J3: FALSE | K3: 43831 | L3: 44196
A4: 1012 | B4: Aanleg verbinding A13-A16 | C4: a13a16 | D4: S_1223 | E4: ijzer | F4: 12_m | G4: FALSE | J4: FALSE | K4: 43831 | L4: 44196
A5: 1013 | B5: Blauwalg Krimpenerwaard | C5: balg_kriwa | D5: K_0104 | E5: fluoroprobe | F5: 3_mjj | G5: FALSE | J5: FALSE | K5: 43831 | L5: 44196
A6: 1013 | B6: Blauwalg Krimpenerwaard | C6: balg_kriwa | D6: K_0109 | E6: fluoroprobe | F6: 4_amjj | G6: FALSE | J6: FALSE | K6: 44197 | L6: 44561
A7: 1013 | B7: Blauwalg Krimpenerwaard | C7: balg_kriwa | D7: K_0209 | E7: fluoroprobe | F7: 3_mjj | G7: FALSE | J7: FALSE | K7: 43831 | L7: 44196
A8: 1013 | B8: Blauwalg Krimpenerwaard | C8: balg_kriwa | D8: K_0211 | E8: fluoroprobe | F8: 4_amjj | G8: FALSE | J8: FALSE | K8: 44197 | L8: 44561
A9: 1013 | B9: Blauwalg Krimpenerwaard | C9: balg_kriwa | D9: K_0216 | E9: fluoroprobe | F9: 3_mjj | G9: FALSE | J9: FALSE | K9: 43831 | L9: 44196
A10: 1013 | B10: Blauwalg Krimpenerwaard | C10: balg_kriwa | D10: K_0222 | E10: fluoroprobe | F10: 4_amjj | G10: FALSE | J10: FALSE | K10: 44197 | L10: 44561
A11: 1013 | B11: Blauwalg Krimpenerwaard | C11: balg_kriwa | D11: K_0301 | E11: fluoroprobe | F11: 4_amjj | G11: FALSE | J11: FALSE | K11: 44197 | L11: 44561
A12: 1013 | B12: Blauwalg Krimpenerwaard | C12: balg_kriwa | D12: K_0306 | E12: fluoroprobe | F12: 4_amjj | G12: FALSE | J12: FALSE | K12: 44197 | L12: 44561
A13: 1013 | B13: Blauwalg Krimpenerwaard | C13: balg_kriwa | D13: K_0309 | E13: fluoroprobe | F13: 3_mjj | G13: FALSE | J13: FALSE | K13: 43831 | L13: 44196
... A59: 1013 | B59: Blauwalg Krimpenerwaard | C59: balg_kriwa | D59: K_6206 | E59: fluoroprobe | F59: 4_amjj | G59: FALSE | J59: FALSE | K59: 44197 | L59: 44561
A60: =IFERROR(VLOOKUP($C60,meetnetcodes!$A:$C,2,FALSE),"") -> 1014 | B60: =IFERROR(VLOOKUP(C60,meetnetcodes!$A:$C,3,FALSE),"") -> Screening PFAS | C60: pfas | D60: K_0801 | E60: pfas | F60: 4_mjja | G60: FALSE | I60: =IF(H60="","",YEAR(TODAY()) - MOD(YEAR(TODAY()),3) + H60 + 3) | J60: FALSE | K60: 43831 | L60: 44196
A61: =IFERROR(VLOOKUP($C61,meetnetcodes!$A:$C,2,FALSE),"") -> 1014 | B61: =IFERROR(VLOOKUP(C61,meetnetcodes!$A:$C,3,FALSE),"") -> Screening PFAS | C61: pfas | D61: S_0016 | E61: pfas | F61: 4_mjja | G61: FALSE | I61: =IF(H61="","",YEAR(TODAY()) - MOD(YEAR(TODAY()),3) + H61 + 3) | J61: FALSE | K61: 43831 | L61: 44196
A62: =IFERROR(VLOOKUP($C62,meetnetcodes!$A:$C,2,FALSE),"") -> 1014 | B62: =IFERROR(VLOOKUP(C62,meetnetcodes!$A:$C,3,FALSE),"") -> Screening PFAS | C62: pfas | D62: S_0024 | E62: pfas | F62: 4_mjja | G62: FALSE | I62: =IF(H62="","",YEAR(TODAY()) - MOD(YEAR(TODAY()),3) + H62 + 3) | J62: FALSE | K62: 43831 | L62: 44196
A63: =IFERROR(VLOOKUP($C63,meetnetcodes!$A:$C,2,FALSE),"") -> 1017 | B63: =IFERROR(VLOOKUP(C63,meetnetcodes!$A:$C,3,FALSE),"") -> Screening Gewasbeschermingsmiddelen | C63: scr_gbm | D63: K_0104 | E63: gbm_b | F63: 1_mei | G63: FALSE | I63: =IF(H63="","",YEAR(TODAY()) - MOD(YEAR(TODAY()),3) + H63 + 3) | J63: FALSE | K63: 43831 | L63: 44196
A64: =IFERROR(VLOOKUP($C64,meetnetcodes!$A:$C,2,FALSE),"") -> 1017 | B64: =IFERROR(VLOOKUP(C64,meetnetcodes!$A:$C,3,FALSE),"") -> Screening Gewasbeschermingsmiddelen | C64: scr_gbm | D64: K_0209 | E64: gbm_b | F64: 1_mei | G64: FALSE | I64: =IF(H64="","",YEAR(TODAY()) - MOD(YEAR(TODAY()),3) + H64 + 3) | J64: FALSE | K64: 43831 | L64: 44196
A65: =IFERROR(VLOOKUP($C65,meetnetcodes!$A:$C,2,FALSE),"") -> 1017 | B65: =IFERROR(VLOOKUP(C65,meetnetcodes!$A:$C,3,FALSE),"") -> Screening Gewasbeschermingsmiddelen | C65: scr_gbm | D65: K_0216 | E65: gbm_b | F65: 1_mei | G65: FALSE | I65: =IF(H65="","",YEAR(TODAY()) - MOD(YEAR(TODAY()),3) + H65 + 3) | J65: FALSE | K65: 43831 | L65: 44196
A66: =IFERROR(VLOOKUP($C66,meetnetcodes!$A:$C,2,FALSE),"") -> 1017 | B66: =IFERROR(VLOOKUP(C66,meetnetcodes!$A:$C,3,FALSE),"") -> Screening Gewasbeschermingsmiddelen | C66: scr_gbm | D66: K_0309 | E66: gbm_b | F66: 1_mei | G66: FALSE | I66: =IF(H66="","",YEAR(TODAY()) - MOD(YEAR(TODAY()),3) + H66 + 3) | J66: FALSE | K66: 43831 | L66: 44196
A67: =IFERROR(VLOOKUP($C67,meetnetcodes!$A:$C,2,FALSE),"") -> 1017 | B67: =IFERROR(VLOOKUP(C67,meetnetcodes!$A:$C,3,FALSE),"") -> Screening Gewasbeschermingsmiddelen | C67: scr_gbm | D67: K_0315 | E67: gbm_b | F67: 1_mei | G67: FALSE | I67: =IF(H67="","",YEAR(TODAY()) - MOD(YEAR(TODAY()),3) + H67 + 3) | J67: FALSE | K67: 43831 | L67: 44196
A68: =IFERROR(VLOOKUP($C68,meetnetcodes!$A:$C,2,FALSE),"") -> 1017 | B68: =IFERROR(VLOOKUP(C68,meetnetcodes!$A:$C,3,FALSE),"") -> Screening Gewasbeschermingsmiddelen | C68: scr_gbm | D68: K_0451 | E68: gbm_b | F68: 1_mei | G68: FALSE | I68: =IF(H68="","",YEAR(TODAY()) - MOD(YEAR(TODAY()),3) + H68 + 3) | J68: FALSE | K68: 43831 | L68: 44196
A69: =IFERROR(VLOOKUP($C69,meetnetcodes!$A:$C,2,FALSE),"") -> 1017 | B69: =IFERROR(VLOOKUP(C69,meetnetcodes!$A:$C,3,FALSE),"") -> Screening Gewasbeschermingsmiddelen | C69: scr_gbm | D69: K_0465 | E69: gbm_b | F69: 1_mei | G69: FALSE | I69: =IF(H69="","",YEAR(TODAY()) - MOD(YEAR(TODAY()),3) + H69 + 3) | J69: FALSE | K69: 43831 | L69: 44196
A70: =IFERROR(VLOOKUP($C70,meetnetcodes!$A:$C,2,FALSE),"") -> 1017 | B70: =IFERROR(VLOOKUP(C70,meetnetcodes!$A:$C,3,FALSE),"") -> Screening Gewasbeschermingsmiddelen | C70: scr_gbm | D70: K_0466 | E70: gbm_b | F70: 1_mei | G70: FALSE | I70: =IF(H70="","",YEAR(TODAY()) - MOD(YEAR(TODAY()),3) + H70 + 3) | J70: FALSE | K70: 43831 | L70: 44196
A71: =IFERROR(VLOOKUP($C71,meetnetcodes!$A:$C,2,FALSE),"") -> 1017 | B71: =IFERROR(VLOOKUP(C71,meetnetcodes!$A:$C,3,FALSE),"") -> Screening Gewasbeschermingsmiddelen | C71: scr_gbm | D71: K_0470 | E71: gbm_b | F71: 1_mei | G71: FALSE | I71: =IF(H71="","",YEAR(TODAY()) - MOD(YEAR(TODAY()),3) + H71 + 3) | J71: FALSE | K71: 43831 | L71: 44196
... A143: =IFERROR(VLOOKUP($C143,meetnetcodes!$A:$C,2,FALSE),"") -> 1022 | B143: =IFERROR(VLOOKUP(C143,meetnetcodes!$A:$C,3,FALSE),"") -> Fluoroprobe in plassen | C143: plassen_fl | D143: S_0705 | E143: fluoroprobe | F143: 5_mjjas | G143: FALSE | I143: =IF(H143="","",YEAR(TODAY()) - MOD(YEAR(TODAY()),3) + H143 + 3) | J143: FALSE | K143: 44197 | L143: 44561
A144: =IFERROR(VLOOKUP($C144,meetnetcodes!$A:$C,2,FALSE),"") -> 1003 | B144: =IFERROR(VLOOKUP(C144,meetnetcodes!$A:$C,3,FALSE),"") -> IJking continumeters EGV | C144: ijking_egv | D144: MPN-562 | E144: diepte_foto | F144: 1_mei | G144: FALSE | I144: =IF(H144="","",YEAR(TODAY()) - MOD(YEAR(TODAY()),3) + H144 + 3) | J144: TRUE | L144: 44561 | N144: Onderhoud moet echt georganiseerd worden
A145: =IFERROR(VLOOKUP($C145,meetnetcodes!$A:$C,2,FALSE),"") -> 1003 | B145: =IFERROR(VLOOKUP(C145,meetnetcodes!$A:$C,3,FALSE),"") -> IJking continumeters EGV | C145: ijking_egv | D145: MPN-562 | E145: ijking_egv | F145: 12_m | G145: FALSE | I145: =IF(H145="","",YEAR(TODAY()) - MOD(YEAR(TODAY()),3) + H145 + 3) | J145: TRUE | L145: 44561 | N145: Onderhoud moet echt georganiseerd worden
A146: =IFERROR(VLOOKUP($C146,meetnetcodes!$A:$C,2,FALSE),"") -> 1003 | B146: =IFERROR(VLOOKUP(C146,meetnetcodes!$A:$C,3,FALSE),"") -> IJking continumeters EGV | C146: ijking_egv | D146: MPN-563 | E146: diepte_foto | F146: 1_mei | G146: FALSE | I146: =IF(H146="","",YEAR(TODAY()) - MOD(YEAR(TODAY()),3) + H146 + 3) | J146: TRUE | L146: 44561 | N146: Onderhoud moet echt georganiseerd worden
A147: =IFERROR(VLOOKUP($C147,meetnetcodes!$A:$C,2,FALSE),"") -> 1003 | B147: =IFERROR(VLOOKUP(C147,meetnetcodes!$A:$C,3,FALSE),"") -> IJking continumeters EGV | C147: ijking_egv | D147: MPN-563 | E147: ijking_egv | F147: 12_m | G147: FALSE | I147: =IF(H147="","",YEAR(TODAY()) - MOD(YEAR(TODAY()),3) + H147 + 3) | J147: TRUE | L147: 44561 | N147: Onderhoud moet echt georganiseerd worden
A148: =IFERROR(VLOOKUP($C148,meetnetcodes!$A:$C,2,FALSE),"") -> 1028 | B148: =IFERROR(VLOOKUP(C148,meetnetcodes!$A:$C,3,FALSE),"") -> Representativiteit metingen glastuinbouw | C148: gbm_glas | D148: GGA_0003 | E148: coord | F148: 1_jan | G148: FALSE | I148: =IF(H148="","",YEAR(TODAY()) - MOD(YEAR(TODAY()),3) + H148 + 3) | J148: TRUE | K148: 44927 | L148: 45291
A149: =IFERROR(VLOOKUP($C149,meetnetcodes!$A:$C,2,FALSE),"") -> 1028 | B149: =IFERROR(VLOOKUP(C149,meetnetcodes!$A:$C,3,FALSE),"") -> Representativiteit metingen glastuinbouw | C149: gbm_glas | D149: GGA_0003 | E149: diepte_foto | F149: 1_jul | G149: FALSE | I149: =IF(H149="","",YEAR(TODAY()) - MOD(YEAR(TODAY()),3) + H149 + 3) | J149: TRUE | K149: 44927 | L149: 45291
A150: =IFERROR(VLOOKUP($C150,meetnetcodes!$A:$C,2,FALSE),"") -> 1028 | B150: =IFERROR(VLOOKUP(C150,meetnetcodes!$A:$C,3,FALSE),"") -> Representativiteit metingen glastuinbouw | C150: gbm_glas | D150: GGA_0003 | E150: gbm_d | F150: 2_jan_jul | G150: FALSE | I150: =IF(H150="","",YEAR(TODAY()) - MOD(YEAR(TODAY()),3) + H150 + 3) | J150: TRUE | K150: 44927 | L150: 45291
A151: =IFERROR(VLOOKUP($C151,meetnetcodes!$A:$C,2,FALSE),"") -> 1028 | B151: =IFERROR(VLOOKUP(C151,meetnetcodes!$A:$C,3,FALSE),"") -> Representativiteit metingen glastuinbouw | C151: gbm_glas | D151: S_0676 | E151: coord | F151: 1_jan | G151: FALSE | I151: =IF(H151="","",YEAR(TODAY()) - MOD(YEAR(TODAY()),3) + H151 + 3) | J151: TRUE | K151: 44927 | L151: 45291
A152: =IFERROR(VLOOKUP($C152,meetnetcodes!$A:$C,2,FALSE),"") -> 1028 | B152: =IFERROR(VLOOKUP(C152,meetnetcodes!$A:$C,3,FALSE),"") -> Representativiteit metingen glastuinbouw | C152: gbm_glas | D152: S_0676 | E152: diepte_foto | F152: 1_jul | G152: FALSE | I152: =IF(H152="","",YEAR(TODAY()) - MOD(YEAR(TODAY()),3) + H152 + 3) | J152: TRUE | K152: 44927 | L152: 45291
A153: =IFERROR(VLOOKUP($C153,meetnetcodes!$A:$C,2,FALSE),"") -> 1028 | B153: =IFERROR(VLOOKUP(C153,meetnetcodes!$A:$C,3,FALSE),"") -> Representativiteit metingen glastuinbouw | C153: gbm_glas | D153: S_0676 | E153: gbm_d | F153: 2_jan_jul | G153: FALSE | I153: =IF(H153="","",YEAR(TODAY()) - MOD(YEAR(TODAY()),3) + H153 + 3) | J153: TRUE | K153: 44927 | L153: 45291
A154: =IFERROR(VLOOKUP($C154,meetnetcodes!$A:$C,2,FALSE),"") -> 1028 | B154: =IFERROR(VLOOKUP(C154,meetnetcodes!$A:$C,3,FALSE),"") -> Representativiteit metingen glastuinbouw | C154: gbm_glas | D154: S_0679 | E154: coord | F154: 1_jan | G154: FALSE | I154: =IF(H154="","",YEAR(TODAY()) - MOD(YEAR(TODAY()),3) + H154 + 3) | J154: TRUE | K154: 44927 | L154: 45291
A155: =IFERROR(VLOOKUP($C155,meetnetcodes!$A:$C,2,FALSE),"") -> 1028 | B155: =IFERROR(VLOOKUP(C155,meetnetcodes!$A:$C,3,FALSE),"") -> Representativiteit metingen glastuinbouw | C155: gbm_glas | D155: S_0679 | E155: diepte_foto | F155: 1_jul | G155: FALSE | I155: =IF(H155="","",YEAR(TODAY()) - MOD(YEAR(TODAY()),3) + H155 + 3) | J155: TRUE | K155: 44927 | L155: 45291
A156: =IFERROR(VLOOKUP($C156,meetnetcodes!$A:$C,2,FALSE),"") -> 1028 | B156: =IFERROR(VLOOKUP(C156,meetnetcodes!$A:$C,3,FALSE),"") -> Representativiteit metingen glastuinbouw | C156: gbm_glas | D156: S_0679 | E156: gbm_d | F156: 2_jan_jul | G156: FALSE | I156: =IF(H156="","",YEAR(TODAY()) - MOD(YEAR(TODAY()),3) + H156 + 3) | J156: TRUE | K156: 44927 | L156: 45291
A157: =IFERROR(VLOOKUP($C157,meetnetcodes!$A:$C,2,FALSE),"") -> 1028 | B157: =IFERROR(VLOOKUP(C157,meetnetcodes!$A:$C,3,FALSE),"") -> Representativiteit metingen glastuinbouw | C157: gbm_glas | D157: S_1228 | E157: coord | F157: 1_jan | G157: FALSE | I157: =IF(H157="","",YEAR(TODAY()) - MOD(YEAR(TODAY()),3) + H157 + 3) | J157: TRUE | K157: 44927 | L157: 45291
A158: =IFERROR(VLOOKUP($C158,meetnetcodes!$A:$C,2,FALSE),"") -> 1028 | B158: =IFERROR(VLOOKUP(C158,meetnetcodes!$A:$C,3,FALSE),"") -> Representativiteit metingen glastuinbouw | C158: gbm_glas | D158: S_1228 | E158: diepte_foto | F158: 1_jul | G158: FALSE | I158: =IF(H158="","",YEAR(TODAY()) - MOD(YEAR(TODAY()),3) + H158 + 3) | J158: TRUE | K158: 44927 | L158: 45291
A159: =IFERROR(VLOOKUP($C159,meetnetcodes!$A:$C,2,FALSE),"") -> 1028 | B159: =IFERROR(VLOOKUP(C159,meetnetcodes!$A:$C,3,FALSE),"") -> Representativiteit metingen glastuinbouw | C159: gbm_glas | D159: S_1228 | E159: gbm_d | F159: 2_jan_jul | G159: FALSE | I159: =IF(H159="","",YEAR(TODAY()) - MOD(YEAR(TODAY()),3) + H159 + 3) | J159: TRUE | K159: 44927 | L159: 45291
... A195: =IFERROR(VLOOKUP($C195,meetnetcodes!$A:$C,2,FALSE),"") -> 1011 | B195: =IFERROR(VLOOKUP(C195,meetnetcodes!$A:$C,3,FALSE),"") -> Essenburgpark | C195: ebpark | D195: S_1166 | E195: basis_zwevend | F195: 12_m | G195: FALSE | I195: =IF(H195="","",YEAR(TODAY()) - MOD(YEAR(TODAY()),3) + H195 + 3) | J195: TRUE | K195: 43647 | L195: 44926
A196: =IFERROR(VLOOKUP($C196,meetnetcodes!$A:$C,2,FALSE),"") -> 1011 | B196: =IFERROR(VLOOKUP(C196,meetnetcodes!$A:$C,3,FALSE),"") -> Essenburgpark | C196: ebpark | D196: S_1166 | E196: coord | F196: 1_jan | G196: FALSE | J196: TRUE | K196: 44562 | L196: 44926
A197: =IFERROR(VLOOKUP($C197,meetnetcodes!$A:$C,2,FALSE),"") -> 1011 | B197: =IFERROR(VLOOKUP(C197,meetnetcodes!$A:$C,3,FALSE),"") -> Essenburgpark | C197: ebpark | D197: S_1166 | E197: diepte_foto | F197: 1_mei | G197: FALSE | I197: =IF(H197="","",YEAR(TODAY()) - MOD(YEAR(TODAY()),3) + H197 + 3) | J197: TRUE | K197: 43647 | L197: 44926
A198: =IFERROR(VLOOKUP($C198,meetnetcodes!$A:$C,2,FALSE),"") -> 1011 | B198: =IFERROR(VLOOKUP(C198,meetnetcodes!$A:$C,3,FALSE),"") -> Essenburgpark | C198: ebpark | D198: S_1166 | E198: fluoroprobe | F198: 6_m_zomer | G198: FALSE | I198: =IF(H198="","",YEAR(TODAY()) - MOD(YEAR(TODAY()),3) + H198 + 3) | J198: TRUE | K198: 44562 | L198: 44926
A199: =IFERROR(VLOOKUP($C199,meetnetcodes!$A:$C,2,FALSE),"") -> 1016 | B199: =IFERROR(VLOOKUP(C199,meetnetcodes!$A:$C,3,FALSE),"") -> Woningbouw Westergouwe | C199: w_gouwe | D199: S_0673 | E199: basis_zwevend | F199: 12_m | G199: FALSE | I199: =IF(H199="","",YEAR(TODAY()) - MOD(YEAR(TODAY()),3) + H199 + 3) | J199: TRUE | K199: 43831 | L199: 44561 | N199: opgenomen in roulerend meetnet
A200: =IFERROR(VLOOKUP($C200,meetnetcodes!$A:$C,2,FALSE),"") -> 1016 | B200: =IFERROR(VLOOKUP(C200,meetnetcodes!$A:$C,3,FALSE),"") -> Woningbouw Westergouwe | C200: w_gouwe | D200: S_0673 | E200: diepte_foto | F200: 1_mei | G200: FALSE | I200: =IF(H200="","",YEAR(TODAY()) - MOD(YEAR(TODAY()),3) + H200 + 3) | J200: TRUE | K200: 43831 | L200: 44561 | N200: opgenomen in roulerend meetnet
A201: =IFERROR(VLOOKUP($C201,meetnetcodes!$A:$C,2,FALSE),"") -> 1020 | B201: =IFERROR(VLOOKUP(C201,meetnetcodes!$A:$C,3,FALSE),"") -> Inlaat Leuvehaven | C201: leuvehaven | D201: RWS_0113 | E201: blauwalg_biovolume | F201: 7_m | G201: FALSE | I201: =IF(H201="","",YEAR(TODAY()) - MOD(YEAR(TODAY()),3) + H201 + 3) | J201: TRUE | K201: 44197 | L201: 44561
A202: =IFERROR(VLOOKUP($C202,meetnetcodes!$A:$C,2,FALSE),"") -> 1020 | B202: =IFERROR(VLOOKUP(C202,meetnetcodes!$A:$C,3,FALSE),"") -> Inlaat Leuvehaven | C202: leuvehaven | D202: S_0146 | E202: basis_zwevend | F202: 12_m | G202: FALSE | I202: =IF(H202="","",YEAR(TODAY()) - MOD(YEAR(TODAY()),3) + H202 + 3) | J202: TRUE | K202: 44562 | L202: 44926
A203: =IFERROR(VLOOKUP($C203,meetnetcodes!$A:$C,2,FALSE),"") -> 1020 | B203: =IFERROR(VLOOKUP(C203,meetnetcodes!$A:$C,3,FALSE),"") -> Inlaat Leuvehaven | C203: leuvehaven | D203: S_0146 | E203: coord | F203: 1_jan | G203: FALSE | J203: TRUE | K203: 44562 | L203: 44926
A204: =IFERROR(VLOOKUP($C204,meetnetcodes!$A:$C,2,FALSE),"") -> 1020 | B204: =IFERROR(VLOOKUP(C204,meetnetcodes!$A:$C,3,FALSE),"") -> Inlaat Leuvehaven | C204: leuvehaven | D204: S_0146 | E204: diepte_foto | F204: 1_mei | G204: FALSE | I204: =IF(H204="","",YEAR(TODAY()) - MOD(YEAR(TODAY()),3) + H204 + 3) | J204: TRUE | K204: 44562 | L204: 44926
A205: =IFERROR(VLOOKUP($C205,meetnetcodes!$A:$C,2,FALSE),"") -> 1020 | B205: =IFERROR(VLOOKUP(C205,meetnetcodes!$A:$C,3,FALSE),"") -> Inlaat Leuvehaven | C205: leuvehaven | D205: S_0146 | E205: fluoroprobe | F205: 6_m_zomer | G205: FALSE | I205: =IF(H205="","",YEAR(TODAY()) - MOD(YEAR(TODAY()),3) + H205 + 3) | J205: TRUE | K205: 44562 | L205: 44926
A206: =IFERROR(VLOOKUP($C206,meetnetcodes!$A:$C,2,FALSE),"") -> 1021 | B206: =IFERROR(VLOOKUP(C206,meetnetcodes!$A:$C,3,FALSE),"") -> Onderzoek effectiviteit wegvangen kreeften | C206: kr_proef | D206: K_1415 | E206: basis | F206: 12_m | G206: FALSE | I206: =IF(H206="","",YEAR(TODAY()) - MOD(YEAR(TODAY()),3) + H206 + 3) | J206: TRUE | K206: 44197 | L206: 45291
A207: =IFERROR(VLOOKUP($C207,meetnetcodes!$A:$C,2,FALSE),"") -> 1021 | B207: =IFERROR(VLOOKUP(C207,meetnetcodes!$A:$C,3,FALSE),"") -> Onderzoek effectiviteit wegvangen kreeften | C207: kr_proef | D207: K_1415 | E207: coord | F207: 1_jan | G207: FALSE | J207: TRUE | K207: 44562 | L207: 45291
A208: =IFERROR(VLOOKUP($C208,meetnetcodes!$A:$C,2,FALSE),"") -> 1021 | B208: =IFERROR(VLOOKUP(C208,meetnetcodes!$A:$C,3,FALSE),"") -> Onderzoek effectiviteit wegvangen kreeften | C208: kr_proef | D208: K_1415 | E208: diepte_foto | F208: 1_mei | G208: FALSE | I208: =IF(H208="","",YEAR(TODAY()) - MOD(YEAR(TODAY()),3) + H208 + 3) | J208: TRUE | K208: 44197 | L208: 45291
A209: =IFERROR(VLOOKUP($C209,meetnetcodes!$A:$C,2,FALSE),"") -> 1023 | B209: =IFERROR(VLOOKUP(C209,meetnetcodes!$A:$C,3,FALSE),"") -> Onderzoek Plas van Poot | C209: plas_poot | D209: S_0216 | E209: basis_zwevend_boot | F209: 12_m | G209: FALSE | I209: =IF(H209="","",YEAR(TODAY()) - MOD(YEAR(TODAY()),3) + H209 + 3) | J209: TRUE | K209: 44927 | L209: 45291 | N209: toegang moet nog geregeld worden
A210: =IFERROR(VLOOKUP($C210,meetnetcodes!$A:$C,2,FALSE),"") -> 1023 | B210: =IFERROR(VLOOKUP(C210,meetnetcodes!$A:$C,3,FALSE),"") -> Onderzoek Plas van Poot | C210: plas_poot | D210: S_0216 | E210: coord | F210: 1_jan | G210: FALSE | J210: TRUE | K210: 44927 | L210: 45291
A211: =IFERROR(VLOOKUP($C211,meetnetcodes!$A:$C,2,FALSE),"") -> 1023 | B211: =IFERROR(VLOOKUP(C211,meetnetcodes!$A:$C,3,FALSE),"") -> Onderzoek Plas van Poot | C211: plas_poot | D211: S_0216 | E211: diepte_foto | F211: 1_mei | G211: FALSE | I211: =IF(H211="","",YEAR(TODAY()) - MOD(YEAR(TODAY()),3) + H211 + 3) | J211: TRUE | K211: 44927 | L211: 45291 | N211: toegang moet nog geregeld worden
A212: =IFERROR(VLOOKUP($C212,meetnetcodes!$A:$C,2,FALSE),"") -> 1023 | B212: =IFERROR(VLOOKUP(C212,meetnetcodes!$A:$C,3,FALSE),"") -> Onderzoek Plas van Poot | C212: plas_poot | D212: S_0216 | E212: fluoroprobe | F212: 6_m_zomer | G212: FALSE | I212: =IF(H212="","",YEAR(TODAY()) - MOD(YEAR(TODAY()),3) + H212 + 3) | J212: TRUE | K212: 44927 | L212: 45291 | N212: toegang moet nog geregeld worden
A213: =IFERROR(VLOOKUP($C213,meetnetcodes!$A:$C,2,FALSE),"") -> 1023 | B213: =IFERROR(VLOOKUP(C213,meetnetcodes!$A:$C,3,FALSE),"") -> Onderzoek Plas van Poot | C213: plas_poot | D213: S_0216 | E213: fyto_zoop_diep | F213: 7_m | G213: FALSE | I213: =IF(H213="","",YEAR(TODAY()) - MOD(YEAR(TODAY()),3) + H213 + 3) | J213: TRUE | K213: 44927 | L213: 45291 | N213: toegang moet nog geregeld worden
A214: =IFERROR(VLOOKUP($C214,meetnetcodes!$A:$C,2,FALSE),"") -> 1023 | B214: =IFERROR(VLOOKUP(C214,meetnetcodes!$A:$C,3,FALSE),"") -> Onderzoek Plas van Poot | C214: plas_poot | D214: S_0216_01 | E214: diepteprofiel | F214: 2_feb_aug | G214: FALSE | I214: =IF(H214="","",YEAR(TODAY()) - MOD(YEAR(TODAY()),3) + H214 + 3) | J214: TRUE | K214: 44927 | L214: 45291
A215: =IFERROR(VLOOKUP($C215,meetnetcodes!$A:$C,2,FALSE),"") -> 1023 | B215: =IFERROR(VLOOKUP(C215,meetnetcodes!$A:$C,3,FALSE),"") -> Onderzoek Plas van Poot | C215: plas_poot | D215: S_0216_02 | E215: diepteprofiel | F215: 2_feb_aug | G215: FALSE | I215: =IF(H215="","",YEAR(TODAY()) - MOD(YEAR(TODAY()),3) + H215 + 3) | J215: TRUE | K215: 44927 | L215: 45291
A216: =IFERROR(VLOOKUP($C216,meetnetcodes!$A:$C,2,FALSE),"") -> 1023 | B216: =IFERROR(VLOOKUP(C216,meetnetcodes!$A:$C,3,FALSE),"") -> Onderzoek Plas van Poot | C216: plas_poot | D216: S_0216_03 | E216: diepteprofiel | F216: 2_feb_aug | G216: FALSE | I216: =IF(H216="","",YEAR(TODAY()) - MOD(YEAR(TODAY()),3) + H216 + 3) | J216: TRUE | K216: 44927 | L216: 45291
A217: =IFERROR(VLOOKUP($C217,meetnetcodes!$A:$C,2,FALSE),"") -> 1023 | B217: =IFERROR(VLOOKUP(C217,meetnetcodes!$A:$C,3,FALSE),"") -> Onderzoek Plas van Poot | C217: plas_poot | D217: S_0216_04 | E217: diepteprofiel | F217: 2_feb_aug | G217: FALSE | I217: =IF(H217="","",YEAR(TODAY()) - MOD(YEAR(TODAY()),3) + H217 + 3) | J217: TRUE | K217: 44927 | L217: 45291
A218: =IFERROR(VLOOKUP($C218,meetnetcodes!$A:$C,2,FALSE),"") -> 1023 | B218: =IFERROR(VLOOKUP(C218,meetnetcodes!$A:$C,3,FALSE),"") -> Onderzoek Plas van Poot | C218: plas_poot | D218: S_0216_05 | E218: diepteprofiel | F218: 2_feb_aug | G218: FALSE | I218: =IF(H218="","",YEAR(TODAY()) - MOD(YEAR(TODAY()),3) + H218 + 3) | J218: TRUE | K218: 44927 | L218: 45291
A219: =IFERROR(VLOOKUP($C219,meetnetcodes!$A:$C,2,FALSE),"") -> 1023 | B219: =IFERROR(VLOOKUP(C219,meetnetcodes!$A:$C,3,FALSE),"") -> Onderzoek Plas van Poot | C219: plas_poot | D219: S_0216_06 | E219: diepteprofiel | F219: 2_feb_aug | G219: FALSE | I219: =IF(H219="","",YEAR(TODAY()) - MOD(YEAR(TODAY()),3) + H219 + 3) | J219: TRUE | K219: 44927 | L219: 45291
A220: =IFERROR(VLOOKUP($C220,meetnetcodes!$A:$C,2,FALSE),"") -> 1023 | B220: =IFERROR(VLOOKUP(C220,meetnetcodes!$A:$C,3,FALSE),"") -> Onderzoek Plas van Poot | C220: plas_poot | D220: S_0216_07 | E220: diepteprofiel | F220: 2_feb_aug | G220: FALSE | I220: =IF(H220="","",YEAR(TODAY()) - MOD(YEAR(TODAY()),3) + H220 + 3) | J220: TRUE | K220: 44927 | L220: 45291
A221: =IFERROR(VLOOKUP($C221,meetnetcodes!$A:$C,2,FALSE),"") -> 1023 | B221: =IFERROR(VLOOKUP(C221,meetnetcodes!$A:$C,3,FALSE),"") -> Onderzoek Plas van Poot | C221: plas_poot | D221: S_0216_08 | E221: diepteprofiel | F221: 2_feb_aug | G221: FALSE | I221: =IF(H221="","",YEAR(TODAY()) - MOD(YEAR(TODAY()),3) + H221 + 3) | J221: TRUE | K221: 44927 | L221: 45291
A222: =IFERROR(VLOOKUP($C222,meetnetcodes!$A:$C,2,FALSE),"") -> 1023 | B222: =IFERROR(VLOOKUP(C222,meetnetcodes!$A:$C,3,FALSE),"") -> Onderzoek Plas van Poot | C222: plas_poot | D222: S_0216_09 | E222: diepteprofiel | F222: 2_feb_aug | G222: FALSE | I222: =IF(H222="","",YEAR(TODAY()) - MOD(YEAR(TODAY()),3) + H222 + 3) | J222: TRUE | K222: 44927 | L222: 45291
A223: =IFERROR(VLOOKUP($C223,meetnetcodes!$A:$C,2,FALSE),"") -> 1023 | B223: =IFERROR(VLOOKUP(C223,meetnetcodes!$A:$C,3,FALSE),"") -> Onderzoek Plas van Poot | C223: plas_poot | D223: S_0216_10 | E223: basis_diep | F223: 12_m | G223: FALSE | I223: =IF(H223="","",YEAR(TODAY()) - MOD(YEAR(TODAY()),3) + H223 + 3) | J223: TRUE | K223: 44927 | L223: 45291 | N223: toegang moet nog geregeld worden
A224: =IFERROR(VLOOKUP($C224,meetnetcodes!$A:$C,2,FALSE),"") -> 1023 | B224: =IFERROR(VLOOKUP(C224,meetnetcodes!$A:$C,3,FALSE),"") -> Onderzoek Plas van Poot | C224: plas_poot | D224: S_0216_10 | E224: onopgelost | F224: 12_m | G224: FALSE | I224: =IF(H224="","",YEAR(TODAY()) - MOD(YEAR(TODAY()),3) + H224 + 3) | J224: TRUE | K224: 44927 | L224: 45291 | N224: toegang moet nog geregeld worden
